-- phpMyAdmin SQL Dump
-- version 5.1.1
-- https://www.phpmyadmin.net/
--
-- Host: 127.0.0.1
-- Generation Time: Jul 26, 2025 at 11:03 PM
-- Server version: 10.4.21-MariaDB
-- PHP Version: 7.4.23

SET SQL_MODE = "NO_AUTO_VALUE_ON_ZERO";
START TRANSACTION;
SET time_zone = "+00:00";


/*!40101 SET @OLD_CHARACTER_SET_CLIENT=@@CHARACTER_SET_CLIENT */;
/*!40101 SET @OLD_CHARACTER_SET_RESULTS=@@CHARACTER_SET_RESULTS */;
/*!40101 SET @OLD_COLLATION_CONNECTION=@@COLLATION_CONNECTION */;
/*!40101 SET NAMES utf8mb4 */;

--
-- Database: `fixed_assets_db`
--

-- --------------------------------------------------------

--
-- Table structure for table `assets`
--

CREATE TABLE `assets` (
  `asset_id` int(11) NOT NULL,
  `asset_code` varchar(50) NOT NULL,
  `asset_name` varchar(100) NOT NULL,
  `category_id` int(11) DEFAULT NULL,
  `acquisition_date` date NOT NULL,
  `acquisition_cost` decimal(18,2) NOT NULL,
  `location` varchar(100) DEFAULT NULL,
  `conditions` enum('Baru','Baik','Rusak Ringan','Rusak Berat') DEFAULT NULL,
  `status` enum('available','in_use','disposal') DEFAULT 'available',
  `created_by` int(11) DEFAULT NULL,
  `created_at` datetime DEFAULT current_timestamp()
) ENGINE=InnoDB DEFAULT CHARSET=utf8mb4;

--
-- Dumping data for table `assets`
--

INSERT INTO `assets` (`asset_id`, `asset_code`, `asset_name`, `category_id`, `acquisition_date`, `acquisition_cost`, `location`, `conditions`, `status`, `created_by`, `created_at`) VALUES
(48, 'AST001', 'Truk Box (10 Ton)', 1, '2021-01-06', '850000000.00', 'Gudang Jakarta', 'Baik', 'in_use', 1, '2025-07-26 23:05:59'),
(49, 'AST002', 'Truk Wingbox', 1, '2021-06-05', '1100000000.00', 'Gudang Bandung', 'Baik', 'available', 1, '2025-07-26 23:06:28'),
(50, 'AST003', 'Mobil Van Pengiriman', 1, '2023-05-20', '380000000.00', 'Gudang Jakarta', 'Baik', 'available', 1, '2025-07-26 23:07:09'),
(51, 'AST004', 'Motor Kurir', 1, '2023-11-10', '24000000.00', 'Gudang Bandung', 'Baru', 'disposal', 1, '2025-07-26 23:07:45'),
(52, 'AST005', 'Forklift (3 Ton)', 5, '2021-10-05', '225000000.00', 'Gudang Surabaya', 'Baik', 'available', 1, '2025-07-26 23:08:27'),
(53, 'AST006', 'Pickup L300', 1, '2023-02-01', '270000000.00', 'Gudang Surabaya', 'Baik', 'available', 1, '2025-07-26 23:09:15'),
(54, 'AST007', 'Pallet Jack (Hand Pallet)', 2, '2022-07-12', '7500000.00', 'Gudang Jakarta', 'Baik', 'available', 1, '2025-07-26 23:09:57'),
(55, 'AST008', 'Racking System (Rak Gudang)', 3, '2023-03-01', '1500000000.00', 'Gudang Surabaya', 'Baik', 'available', 1, '2025-07-26 23:10:46'),
(56, 'AST009', 'Meja Sortir Paket', 3, '2023-04-18', '5000000.00', 'Gudang Bandung', 'Baru', 'available', 1, '2025-07-26 23:11:30'),
(57, 'AST010', 'Timbangan Digital (Heavy Duty)', 2, '2023-01-11', '12000000.00', 'Gudang Jakarta', 'Baik', 'available', 1, '2025-07-26 23:12:36'),
(58, 'AST011', 'Conveyor Otomatis', 2, '2022-12-05', '380000000.00', 'Gudang Surabaya', 'Baik', 'available', 1, '2025-07-26 23:13:18'),
(59, 'AST012', 'Mesin Strapping Otomatis', 2, '2023-11-09', '75000000.00', 'Gudang Jakarta', 'Baik', 'available', 1, '2025-07-26 23:13:55'),
(60, 'AST013', 'Pallet Plastik', 2, '2024-04-20', '3000000.00', 'Gudang Bandung', 'Baik', 'available', 1, '2025-07-26 23:14:34'),
(61, 'AST014', 'Box Konatiner Logistik', 2, '2024-02-28', '6500000.00', 'Gudang Surabaya', 'Baik', 'available', 1, '2025-07-26 23:15:22'),
(62, 'AST015', 'Shrink Wrap Machine', 2, '2024-08-02', '9000000.00', 'Gudang Jakarta', 'Baik', 'available', 1, '2025-07-26 23:15:57'),
(63, 'AST016', 'Komputer Gudang (PC)', 4, '2022-10-01', '10000000.00', 'Gudang Bandung', 'Baik', 'available', 1, '2025-07-26 23:16:31'),
(64, 'AST017', 'Printer Label Barcode', 4, '2024-09-10', '4500000.00', 'Gudang Surabaya', 'Baru', 'available', 1, '2025-07-26 23:18:07'),
(65, 'AST018', 'Scanner Barcode (Wireless)', 4, '2024-11-09', '2200000.00', 'Gudang Surabaya', 'Baru', 'available', 1, '2025-07-26 23:18:51'),
(66, 'AST019', 'Router & Access Point Gudang', 4, '2024-01-03', '6800000.00', 'Gudang Jakarta', 'Baru', 'available', 1, '2025-07-26 23:19:41'),
(67, 'AST020', 'CCTV Gudang & Area Bongkar Muat', 4, '2025-01-20', '18000000.00', 'Gudang Bandung', 'Baru', 'available', 1, '2025-07-26 23:20:25'),
(68, 'AST021', 'Laptop Staff Operasional', 4, '2025-01-07', '14500000.00', 'Kantor Pusat', 'Baru', 'available', 1, '2025-07-26 23:21:03'),
(69, 'AST022', 'Meja dan Kursi Kantor', 3, '2025-02-12', '3200000.00', 'Kantor Pusat', 'Baru', 'available', 1, '2025-07-26 23:21:39'),
(70, 'AST023', 'Lemari Arsip Logistik', 3, '2025-03-03', '2500000.00', 'Kantor Pusat', 'Baru', 'available', 1, '2025-07-26 23:22:26'),
(71, 'AST024', 'Whiteboard Operational Mapping', 3, '2025-05-15', '1000000.00', 'Kantor Pusat', 'Baru', 'available', 1, '2025-07-26 23:23:00'),
(72, 'AST025', 'UPS (Uninterruptible Power Supply)', 4, '2024-12-19', '5500000.00', 'Kantor Pusat', 'Baru', 'available', 1, '2025-07-26 23:23:36'),
(73, 'AST026', 'Reach Stalker Kalmar', 5, '2024-12-19', '3200000000.00', 'Pelabuhan Belawan', 'Baik', 'available', 1, '2025-07-26 23:25:20'),
(74, 'AST027', 'Container 40 Kaki', 2, '2022-01-12', '60000000.00', 'Pelabuhan Belawan', 'Rusak Ringan', 'disposal', 1, '2025-07-26 23:25:58'),
(75, 'AST028', 'TV Meeting 42 Inch', 4, '2024-10-09', '14000000.00', 'Kantor Pusat', 'Baru', 'available', 1, '2025-07-26 23:26:30');

-- --------------------------------------------------------

--
-- Table structure for table `asset_assignments`
--

CREATE TABLE `asset_assignments` (
  `assignment_id` int(11) NOT NULL,
  `asset_id` int(11) NOT NULL,
  `assigned_to` int(11) NOT NULL,
  `department` varchar(100) DEFAULT NULL,
  `assigned_date` date NOT NULL,
  `return_date` date DEFAULT NULL,
  `notes` text DEFAULT NULL
) ENGINE=InnoDB DEFAULT CHARSET=utf8mb4;

--
-- Dumping data for table `asset_assignments`
--

INSERT INTO `asset_assignments` (`assignment_id`, `asset_id`, `assigned_to`, `department`, `assigned_date`, `return_date`, `notes`) VALUES
(1, 48, 5, 'Operasional', '2023-06-24', NULL, '');

-- --------------------------------------------------------

--
-- Table structure for table `asset_categories`
--

CREATE TABLE `asset_categories` (
  `category_id` int(11) NOT NULL,
  `category_name` varchar(100) NOT NULL,
  `useful_life` int(11) NOT NULL,
  `depreciation_method` enum('straight_line','declining_balance') NOT NULL,
  `created_at` datetime DEFAULT current_timestamp()
) ENGINE=InnoDB DEFAULT CHARSET=utf8mb4;

--
-- Dumping data for table `asset_categories`
--

INSERT INTO `asset_categories` (`category_id`, `category_name`, `useful_life`, `depreciation_method`, `created_at`) VALUES
(1, 'Kendaraan Operasional', 5, 'straight_line', '2025-07-23 20:38:25'),
(2, 'Peralatan Gudang', 4, 'declining_balance', '2025-07-23 20:38:25'),
(3, 'Peralatan Kantor', 3, 'straight_line', '2025-07-23 20:38:25'),
(4, 'Komputer & Elektronik', 3, 'straight_line', '2025-07-23 20:38:25'),
(5, 'Alat Berat', 6, 'declining_balance', '2025-07-23 20:38:25');

-- --------------------------------------------------------

--
-- Table structure for table `asset_depreciations`
--

CREATE TABLE `asset_depreciations` (
  `depreciation_id` int(11) NOT NULL,
  `asset_id` int(11) NOT NULL,
  `depreciation_date` date NOT NULL,
  `depreciation_amount` decimal(18,2) NOT NULL,
  `accumulated_depreciation` decimal(18,2) NOT NULL,
  `book_value` decimal(18,2) NOT NULL,
  `created_at` datetime DEFAULT current_timestamp()
) ENGINE=InnoDB DEFAULT CHARSET=utf8mb4;

--
-- Dumping data for table `asset_depreciations`
--

INSERT INTO `asset_depreciations` (`depreciation_id`, `asset_id`, `depreciation_date`, `depreciation_amount`, `accumulated_depreciation`, `book_value`, `created_at`) VALUES
(56, 49, '2021-06-29', '18333333.33', '18333333.33', '1081666666.67', '2025-07-26 23:06:28'),
(57, 49, '2021-07-30', '18333333.33', '36666666.67', '1063333333.33', '2025-07-26 23:06:28'),
(58, 49, '2021-08-30', '18333333.33', '55000000.00', '1045000000.00', '2025-07-26 23:06:28'),
(59, 49, '2021-09-29', '18333333.33', '73333333.33', '1026666666.67', '2025-07-26 23:06:28'),
(60, 49, '2021-10-30', '18333333.33', '91666666.67', '1008333333.33', '2025-07-26 23:06:28'),
(61, 49, '2021-11-29', '18333333.33', '110000000.00', '990000000.00', '2025-07-26 23:06:28'),
(62, 49, '2021-12-30', '18333333.33', '128333333.33', '971666666.67', '2025-07-26 23:06:28'),
(63, 49, '2022-01-30', '18333333.33', '146666666.67', '953333333.33', '2025-07-26 23:06:28'),
(64, 49, '2022-02-27', '18333333.33', '165000000.00', '935000000.00', '2025-07-26 23:06:28'),
(65, 49, '2022-03-30', '18333333.33', '183333333.33', '916666666.67', '2025-07-26 23:06:28'),
(66, 49, '2022-04-29', '18333333.33', '201666666.67', '898333333.33', '2025-07-26 23:06:28'),
(67, 49, '2022-05-30', '18333333.33', '220000000.00', '880000000.00', '2025-07-26 23:06:28'),
(68, 49, '2022-06-29', '18333333.33', '238333333.33', '861666666.67', '2025-07-26 23:06:28'),
(69, 49, '2022-07-30', '18333333.33', '256666666.67', '843333333.33', '2025-07-26 23:06:28'),
(70, 49, '2022-08-30', '18333333.33', '275000000.00', '825000000.00', '2025-07-26 23:06:28'),
(71, 49, '2022-09-29', '18333333.33', '293333333.33', '806666666.67', '2025-07-26 23:06:28'),
(72, 49, '2022-10-30', '18333333.33', '311666666.67', '788333333.33', '2025-07-26 23:06:28'),
(73, 49, '2022-11-29', '18333333.33', '330000000.00', '770000000.00', '2025-07-26 23:06:28'),
(74, 49, '2022-12-30', '18333333.33', '348333333.33', '751666666.67', '2025-07-26 23:06:28'),
(75, 49, '2023-01-30', '18333333.33', '366666666.67', '733333333.33', '2025-07-26 23:06:28'),
(76, 49, '2023-02-27', '18333333.33', '385000000.00', '715000000.00', '2025-07-26 23:06:28'),
(77, 49, '2023-03-30', '18333333.33', '403333333.33', '696666666.67', '2025-07-26 23:06:28'),
(78, 49, '2023-04-29', '18333333.33', '421666666.67', '678333333.33', '2025-07-26 23:06:28'),
(79, 49, '2023-05-30', '18333333.33', '440000000.00', '660000000.00', '2025-07-26 23:06:28'),
(80, 49, '2023-06-29', '18333333.33', '458333333.33', '641666666.67', '2025-07-26 23:06:28'),
(81, 49, '2023-07-30', '18333333.33', '476666666.67', '623333333.33', '2025-07-26 23:06:28'),
(82, 49, '2023-08-30', '18333333.33', '495000000.00', '605000000.00', '2025-07-26 23:06:28'),
(83, 49, '2023-09-29', '18333333.33', '513333333.33', '586666666.67', '2025-07-26 23:06:28'),
(84, 49, '2023-10-30', '18333333.33', '531666666.67', '568333333.33', '2025-07-26 23:06:28'),
(85, 49, '2023-11-29', '18333333.33', '550000000.00', '550000000.00', '2025-07-26 23:06:28'),
(86, 49, '2023-12-30', '18333333.33', '568333333.33', '531666666.67', '2025-07-26 23:06:28'),
(87, 49, '2024-01-30', '18333333.33', '586666666.67', '513333333.33', '2025-07-26 23:06:28'),
(88, 49, '2024-02-28', '18333333.33', '605000000.00', '495000000.00', '2025-07-26 23:06:28'),
(89, 49, '2024-03-30', '18333333.33', '623333333.33', '476666666.67', '2025-07-26 23:06:28'),
(90, 49, '2024-04-29', '18333333.33', '641666666.67', '458333333.33', '2025-07-26 23:06:28'),
(91, 49, '2024-05-30', '18333333.33', '660000000.00', '440000000.00', '2025-07-26 23:06:28'),
(92, 49, '2024-06-29', '18333333.33', '678333333.33', '421666666.67', '2025-07-26 23:06:28'),
(93, 49, '2024-07-30', '18333333.33', '696666666.67', '403333333.33', '2025-07-26 23:06:28'),
(94, 49, '2024-08-30', '18333333.33', '715000000.00', '385000000.00', '2025-07-26 23:06:28'),
(95, 49, '2024-09-29', '18333333.33', '733333333.33', '366666666.67', '2025-07-26 23:06:28'),
(96, 49, '2024-10-30', '18333333.33', '751666666.67', '348333333.33', '2025-07-26 23:06:28'),
(97, 49, '2024-11-29', '18333333.33', '770000000.00', '330000000.00', '2025-07-26 23:06:28'),
(98, 49, '2024-12-30', '18333333.33', '788333333.33', '311666666.67', '2025-07-26 23:06:28'),
(99, 49, '2025-01-30', '18333333.33', '806666666.67', '293333333.33', '2025-07-26 23:06:28'),
(100, 49, '2025-02-27', '18333333.33', '825000000.00', '275000000.00', '2025-07-26 23:06:28'),
(101, 49, '2025-03-30', '18333333.33', '843333333.33', '256666666.67', '2025-07-26 23:06:28'),
(102, 49, '2025-04-29', '18333333.33', '861666666.67', '238333333.33', '2025-07-26 23:06:28'),
(103, 49, '2025-05-30', '18333333.33', '880000000.00', '220000000.00', '2025-07-26 23:06:28'),
(104, 49, '2025-06-29', '18333333.33', '898333333.33', '201666666.67', '2025-07-26 23:06:28'),
(105, 49, '2025-07-30', '18333333.33', '916666666.67', '183333333.33', '2025-07-26 23:06:28'),
(106, 50, '2023-05-30', '6333333.33', '6333333.33', '373666666.67', '2025-07-26 23:07:09'),
(107, 50, '2023-06-29', '6333333.33', '12666666.67', '367333333.33', '2025-07-26 23:07:09'),
(108, 50, '2023-07-30', '6333333.33', '19000000.00', '361000000.00', '2025-07-26 23:07:09'),
(109, 50, '2023-08-30', '6333333.33', '25333333.33', '354666666.67', '2025-07-26 23:07:09'),
(110, 50, '2023-09-29', '6333333.33', '31666666.67', '348333333.33', '2025-07-26 23:07:09'),
(111, 50, '2023-10-30', '6333333.33', '38000000.00', '342000000.00', '2025-07-26 23:07:09'),
(112, 50, '2023-11-29', '6333333.33', '44333333.33', '335666666.67', '2025-07-26 23:07:09'),
(113, 50, '2023-12-30', '6333333.33', '50666666.67', '329333333.33', '2025-07-26 23:07:09'),
(114, 50, '2024-01-30', '6333333.33', '57000000.00', '323000000.00', '2025-07-26 23:07:09'),
(115, 50, '2024-02-28', '6333333.33', '63333333.33', '316666666.67', '2025-07-26 23:07:09'),
(116, 50, '2024-03-30', '6333333.33', '69666666.67', '310333333.33', '2025-07-26 23:07:09'),
(117, 50, '2024-04-29', '6333333.33', '76000000.00', '304000000.00', '2025-07-26 23:07:09'),
(118, 50, '2024-05-30', '6333333.33', '82333333.33', '297666666.67', '2025-07-26 23:07:09'),
(119, 50, '2024-06-29', '6333333.33', '88666666.67', '291333333.33', '2025-07-26 23:07:09'),
(120, 50, '2024-07-30', '6333333.33', '95000000.00', '285000000.00', '2025-07-26 23:07:09'),
(121, 50, '2024-08-30', '6333333.33', '101333333.33', '278666666.67', '2025-07-26 23:07:09'),
(122, 50, '2024-09-29', '6333333.33', '107666666.67', '272333333.33', '2025-07-26 23:07:09'),
(123, 50, '2024-10-30', '6333333.33', '114000000.00', '266000000.00', '2025-07-26 23:07:09'),
(124, 50, '2024-11-29', '6333333.33', '120333333.33', '259666666.67', '2025-07-26 23:07:09'),
(125, 50, '2024-12-30', '6333333.33', '126666666.67', '253333333.33', '2025-07-26 23:07:09'),
(126, 50, '2025-01-30', '6333333.33', '133000000.00', '247000000.00', '2025-07-26 23:07:09'),
(127, 50, '2025-02-27', '6333333.33', '139333333.33', '240666666.67', '2025-07-26 23:07:09'),
(128, 50, '2025-03-30', '6333333.33', '145666666.67', '234333333.33', '2025-07-26 23:07:09'),
(129, 50, '2025-04-29', '6333333.33', '152000000.00', '228000000.00', '2025-07-26 23:07:09'),
(130, 50, '2025-05-30', '6333333.33', '158333333.33', '221666666.67', '2025-07-26 23:07:09'),
(131, 50, '2025-06-29', '6333333.33', '164666666.67', '215333333.33', '2025-07-26 23:07:09'),
(132, 50, '2025-07-30', '6333333.33', '171000000.00', '209000000.00', '2025-07-26 23:07:09'),
(133, 51, '2023-11-29', '400000.00', '400000.00', '23600000.00', '2025-07-26 23:07:45'),
(134, 51, '2023-12-30', '400000.00', '800000.00', '23200000.00', '2025-07-26 23:07:45'),
(135, 51, '2024-01-30', '400000.00', '1200000.00', '22800000.00', '2025-07-26 23:07:45'),
(136, 51, '2024-02-28', '400000.00', '1600000.00', '22400000.00', '2025-07-26 23:07:45'),
(137, 51, '2024-03-30', '400000.00', '2000000.00', '22000000.00', '2025-07-26 23:07:45'),
(138, 51, '2024-04-29', '400000.00', '2400000.00', '21600000.00', '2025-07-26 23:07:45'),
(139, 51, '2024-05-30', '400000.00', '2800000.00', '21200000.00', '2025-07-26 23:07:45'),
(140, 51, '2024-06-29', '400000.00', '3200000.00', '20800000.00', '2025-07-26 23:07:45'),
(141, 51, '2024-07-30', '400000.00', '3600000.00', '20400000.00', '2025-07-26 23:07:45'),
(142, 51, '2024-08-30', '400000.00', '4000000.00', '20000000.00', '2025-07-26 23:07:45'),
(143, 51, '2024-09-29', '400000.00', '4400000.00', '19600000.00', '2025-07-26 23:07:45'),
(144, 51, '2024-10-30', '400000.00', '4800000.00', '19200000.00', '2025-07-26 23:07:45'),
(145, 51, '2024-11-29', '400000.00', '5200000.00', '18800000.00', '2025-07-26 23:07:45'),
(146, 51, '2024-12-30', '400000.00', '5600000.00', '18400000.00', '2025-07-26 23:07:45'),
(147, 51, '2025-01-30', '400000.00', '6000000.00', '18000000.00', '2025-07-26 23:07:45'),
(148, 51, '2025-02-27', '400000.00', '6400000.00', '17600000.00', '2025-07-26 23:07:45'),
(149, 51, '2025-03-30', '400000.00', '6800000.00', '17200000.00', '2025-07-26 23:07:45'),
(150, 51, '2025-04-29', '400000.00', '7200000.00', '16800000.00', '2025-07-26 23:07:45'),
(151, 51, '2025-05-30', '400000.00', '7600000.00', '16400000.00', '2025-07-26 23:07:45'),
(152, 51, '2025-06-29', '400000.00', '8000000.00', '16000000.00', '2025-07-26 23:07:45'),
(153, 51, '2025-07-30', '400000.00', '8400000.00', '15600000.00', '2025-07-26 23:07:45'),
(154, 52, '2021-10-30', '6250000.00', '6250000.00', '218750000.00', '2025-07-26 23:08:27'),
(155, 52, '2021-11-29', '6076388.89', '12326388.89', '212673611.11', '2025-07-26 23:08:27'),
(156, 52, '2021-12-30', '5907600.31', '18233989.20', '206766010.80', '2025-07-26 23:08:27'),
(157, 52, '2022-01-30', '5743500.30', '23977489.50', '201022510.50', '2025-07-26 23:08:27'),
(158, 52, '2022-02-27', '5583958.63', '29561448.12', '195438551.88', '2025-07-26 23:08:27'),
(159, 52, '2022-03-30', '5428848.66', '34990296.79', '190009703.21', '2025-07-26 23:08:27'),
(160, 52, '2022-04-29', '5278047.31', '40268344.10', '184731655.90', '2025-07-26 23:08:27'),
(161, 52, '2022-05-30', '5131434.89', '45399778.98', '179600221.02', '2025-07-26 23:08:27'),
(162, 52, '2022-06-29', '4988895.03', '50388674.01', '174611325.99', '2025-07-26 23:08:27'),
(163, 52, '2022-07-30', '4850314.61', '55238988.62', '169761011.38', '2025-07-26 23:08:27'),
(164, 52, '2022-08-30', '4715583.65', '59954572.27', '165045427.73', '2025-07-26 23:08:27'),
(165, 52, '2022-09-29', '4584595.21', '64539167.49', '160460832.51', '2025-07-26 23:08:27'),
(166, 52, '2022-10-30', '4457245.35', '68996412.83', '156003587.17', '2025-07-26 23:08:27'),
(167, 52, '2022-11-29', '4333432.98', '73329845.81', '151670154.19', '2025-07-26 23:08:27'),
(168, 52, '2022-12-30', '4213059.84', '77542905.65', '147457094.35', '2025-07-26 23:08:27'),
(169, 52, '2023-01-30', '4096030.40', '81638936.05', '143361063.95', '2025-07-26 23:08:27'),
(170, 52, '2023-02-27', '3982251.78', '85621187.82', '139378812.18', '2025-07-26 23:08:27'),
(171, 52, '2023-03-30', '3871633.67', '89492821.50', '135507178.50', '2025-07-26 23:08:27'),
(172, 52, '2023-04-29', '3764088.29', '93256909.79', '131743090.21', '2025-07-26 23:08:27'),
(173, 52, '2023-05-30', '3659530.28', '96916440.07', '128083559.93', '2025-07-26 23:08:27'),
(174, 52, '2023-06-29', '3557876.66', '100474316.74', '124525683.26', '2025-07-26 23:08:27'),
(175, 52, '2023-07-30', '3459046.76', '103933363.49', '121066636.51', '2025-07-26 23:08:27'),
(176, 52, '2023-08-30', '3362962.13', '107296325.62', '117703674.38', '2025-07-26 23:08:27'),
(177, 52, '2023-09-29', '3269546.51', '110565872.13', '114434127.87', '2025-07-26 23:08:27'),
(178, 52, '2023-10-30', '3178725.77', '113744597.90', '111255402.10', '2025-07-26 23:08:27'),
(179, 52, '2023-11-29', '3090427.84', '116835025.74', '108164974.26', '2025-07-26 23:08:27'),
(180, 52, '2023-12-30', '3004582.62', '119839608.36', '105160391.64', '2025-07-26 23:08:27'),
(181, 52, '2024-01-30', '2921121.99', '122760730.35', '102239269.65', '2025-07-26 23:08:27'),
(182, 52, '2024-02-28', '2839979.71', '125600710.06', '99399289.94', '2025-07-26 23:08:27'),
(183, 52, '2024-03-30', '2761091.39', '128361801.45', '96638198.55', '2025-07-26 23:08:27'),
(184, 52, '2024-04-29', '2684394.40', '131046195.85', '93953804.15', '2025-07-26 23:08:27'),
(185, 52, '2024-05-30', '2609827.89', '133656023.75', '91343976.25', '2025-07-26 23:08:27'),
(186, 52, '2024-06-29', '2537332.67', '136193356.42', '88806643.58', '2025-07-26 23:08:27'),
(187, 52, '2024-07-30', '2466851.21', '138660207.63', '86339792.37', '2025-07-26 23:08:27'),
(188, 52, '2024-08-30', '2398327.57', '141058535.20', '83941464.80', '2025-07-26 23:08:27'),
(189, 52, '2024-09-29', '2331707.36', '143390242.55', '81609757.45', '2025-07-26 23:08:27'),
(190, 52, '2024-10-30', '2266937.71', '145657180.26', '79342819.74', '2025-07-26 23:08:27'),
(191, 52, '2024-11-29', '2203967.22', '147861147.47', '77138852.53', '2025-07-26 23:08:27'),
(192, 52, '2024-12-30', '2142745.90', '150003893.38', '74996106.62', '2025-07-26 23:08:27'),
(193, 52, '2025-01-30', '2083225.18', '152087118.56', '72912881.44', '2025-07-26 23:08:27'),
(194, 52, '2025-02-27', '2025357.82', '154112476.38', '70887523.62', '2025-07-26 23:08:27'),
(195, 52, '2025-03-30', '1969097.88', '156081574.26', '68918425.74', '2025-07-26 23:08:27'),
(196, 52, '2025-04-29', '1914400.72', '157995974.97', '67004025.03', '2025-07-26 23:08:27'),
(197, 52, '2025-05-30', '1861222.92', '159857197.89', '65142802.11', '2025-07-26 23:08:27'),
(198, 52, '2025-06-29', '1809522.28', '161666720.17', '63333279.83', '2025-07-26 23:08:27'),
(199, 52, '2025-07-30', '1759257.77', '163425977.94', '61574022.06', '2025-07-26 23:08:27'),
(200, 53, '2023-02-27', '4500000.00', '4500000.00', '265500000.00', '2025-07-26 23:09:15'),
(201, 53, '2023-03-30', '4500000.00', '9000000.00', '261000000.00', '2025-07-26 23:09:15'),
(202, 53, '2023-04-29', '4500000.00', '13500000.00', '256500000.00', '2025-07-26 23:09:15'),
(203, 53, '2023-05-30', '4500000.00', '18000000.00', '252000000.00', '2025-07-26 23:09:15'),
(204, 53, '2023-06-29', '4500000.00', '22500000.00', '247500000.00', '2025-07-26 23:09:15'),
(205, 53, '2023-07-30', '4500000.00', '27000000.00', '243000000.00', '2025-07-26 23:09:15'),
(206, 53, '2023-08-30', '4500000.00', '31500000.00', '238500000.00', '2025-07-26 23:09:15'),
(207, 53, '2023-09-29', '4500000.00', '36000000.00', '234000000.00', '2025-07-26 23:09:15'),
(208, 53, '2023-10-30', '4500000.00', '40500000.00', '229500000.00', '2025-07-26 23:09:15'),
(209, 53, '2023-11-29', '4500000.00', '45000000.00', '225000000.00', '2025-07-26 23:09:15'),
(210, 53, '2023-12-30', '4500000.00', '49500000.00', '220500000.00', '2025-07-26 23:09:15'),
(211, 53, '2024-01-30', '4500000.00', '54000000.00', '216000000.00', '2025-07-26 23:09:15'),
(212, 53, '2024-02-28', '4500000.00', '58500000.00', '211500000.00', '2025-07-26 23:09:15'),
(213, 53, '2024-03-30', '4500000.00', '63000000.00', '207000000.00', '2025-07-26 23:09:15'),
(214, 53, '2024-04-29', '4500000.00', '67500000.00', '202500000.00', '2025-07-26 23:09:15'),
(215, 53, '2024-05-30', '4500000.00', '72000000.00', '198000000.00', '2025-07-26 23:09:15'),
(216, 53, '2024-06-29', '4500000.00', '76500000.00', '193500000.00', '2025-07-26 23:09:15'),
(217, 53, '2024-07-30', '4500000.00', '81000000.00', '189000000.00', '2025-07-26 23:09:15'),
(218, 53, '2024-08-30', '4500000.00', '85500000.00', '184500000.00', '2025-07-26 23:09:15'),
(219, 53, '2024-09-29', '4500000.00', '90000000.00', '180000000.00', '2025-07-26 23:09:15'),
(220, 53, '2024-10-30', '4500000.00', '94500000.00', '175500000.00', '2025-07-26 23:09:15'),
(221, 53, '2024-11-29', '4500000.00', '99000000.00', '171000000.00', '2025-07-26 23:09:15'),
(222, 53, '2024-12-30', '4500000.00', '103500000.00', '166500000.00', '2025-07-26 23:09:15'),
(223, 53, '2025-01-30', '4500000.00', '108000000.00', '162000000.00', '2025-07-26 23:09:15'),
(224, 53, '2025-02-27', '4500000.00', '112500000.00', '157500000.00', '2025-07-26 23:09:15'),
(225, 53, '2025-03-30', '4500000.00', '117000000.00', '153000000.00', '2025-07-26 23:09:15'),
(226, 53, '2025-04-29', '4500000.00', '121500000.00', '148500000.00', '2025-07-26 23:09:15'),
(227, 53, '2025-05-30', '4500000.00', '126000000.00', '144000000.00', '2025-07-26 23:09:15'),
(228, 53, '2025-06-29', '4500000.00', '130500000.00', '139500000.00', '2025-07-26 23:09:15'),
(229, 53, '2025-07-30', '4500000.00', '135000000.00', '135000000.00', '2025-07-26 23:09:15'),
(230, 54, '2022-07-30', '312500.00', '312500.00', '7187500.00', '2025-07-26 23:09:57'),
(231, 54, '2022-08-30', '299479.17', '611979.17', '6888020.83', '2025-07-26 23:09:57'),
(232, 54, '2022-09-29', '287000.87', '898980.03', '6601019.97', '2025-07-26 23:09:57'),
(233, 54, '2022-10-30', '275042.50', '1174022.53', '6325977.47', '2025-07-26 23:09:57'),
(234, 54, '2022-11-29', '263582.39', '1437604.93', '6062395.07', '2025-07-26 23:09:57'),
(235, 54, '2022-12-30', '252599.79', '1690204.72', '5809795.28', '2025-07-26 23:09:57'),
(236, 54, '2023-01-30', '242074.80', '1932279.53', '5567720.47', '2025-07-26 23:09:57'),
(237, 54, '2023-02-27', '231988.35', '2164267.88', '5335732.12', '2025-07-26 23:09:57'),
(238, 54, '2023-03-30', '222322.17', '2386590.05', '5113409.95', '2025-07-26 23:09:57'),
(239, 54, '2023-04-29', '213058.75', '2599648.80', '4900351.20', '2025-07-26 23:09:57'),
(240, 54, '2023-05-30', '204181.30', '2803830.10', '4696169.90', '2025-07-26 23:09:57'),
(241, 54, '2023-06-29', '195673.75', '2999503.84', '4500496.16', '2025-07-26 23:09:57'),
(242, 54, '2023-07-30', '187520.67', '3187024.52', '4312975.48', '2025-07-26 23:09:57'),
(243, 54, '2023-08-30', '179707.31', '3366731.83', '4133268.17', '2025-07-26 23:09:57'),
(244, 54, '2023-09-29', '172219.51', '3538951.34', '3961048.66', '2025-07-26 23:09:57'),
(245, 54, '2023-10-30', '165043.69', '3703995.03', '3796004.97', '2025-07-26 23:09:57'),
(246, 54, '2023-11-29', '158166.87', '3862161.90', '3637838.10', '2025-07-26 23:09:57'),
(247, 54, '2023-12-30', '151576.59', '4013738.49', '3486261.51', '2025-07-26 23:09:57'),
(248, 54, '2024-01-30', '145260.90', '4158999.39', '3341000.61', '2025-07-26 23:09:57'),
(249, 54, '2024-02-28', '139208.36', '4298207.75', '3201792.25', '2025-07-26 23:09:57'),
(250, 54, '2024-03-30', '133408.01', '4431615.76', '3068384.24', '2025-07-26 23:09:57'),
(251, 54, '2024-04-29', '127849.34', '4559465.10', '2940534.90', '2025-07-26 23:09:57'),
(252, 54, '2024-05-30', '122522.29', '4681987.39', '2818012.61', '2025-07-26 23:09:57'),
(253, 54, '2024-06-29', '117417.19', '4799404.58', '2700595.42', '2025-07-26 23:09:57'),
(254, 54, '2024-07-30', '112524.81', '4911929.39', '2588070.61', '2025-07-26 23:09:57'),
(255, 54, '2024-08-30', '107836.28', '5019765.66', '2480234.34', '2025-07-26 23:09:57'),
(256, 54, '2024-09-29', '103343.10', '5123108.76', '2376891.24', '2025-07-26 23:09:57'),
(257, 54, '2024-10-30', '99037.13', '5222145.90', '2277854.10', '2025-07-26 23:09:57'),
(258, 54, '2024-11-29', '94910.59', '5317056.48', '2182943.52', '2025-07-26 23:09:57'),
(259, 54, '2024-12-30', '90955.98', '5408012.46', '2091987.54', '2025-07-26 23:09:57'),
(260, 54, '2025-01-30', '87166.15', '5495178.61', '2004821.39', '2025-07-26 23:09:57'),
(261, 54, '2025-02-27', '83534.22', '5578712.84', '1921287.16', '2025-07-26 23:09:57'),
(262, 54, '2025-03-30', '80053.63', '5658766.47', '1841233.53', '2025-07-26 23:09:57'),
(263, 54, '2025-04-29', '76718.06', '5735484.53', '1764515.47', '2025-07-26 23:09:57'),
(264, 54, '2025-05-30', '73521.48', '5809006.01', '1690993.99', '2025-07-26 23:09:57'),
(265, 54, '2025-06-29', '70458.08', '5879464.09', '1620535.91', '2025-07-26 23:09:57'),
(266, 54, '2025-07-30', '67522.33', '5946986.42', '1553013.58', '2025-07-26 23:09:57'),
(267, 55, '2023-03-30', '41666666.67', '41666666.67', '1458333333.33', '2025-07-26 23:10:46'),
(268, 55, '2023-04-29', '41666666.67', '83333333.33', '1416666666.67', '2025-07-26 23:10:46'),
(269, 55, '2023-05-30', '41666666.67', '125000000.00', '1375000000.00', '2025-07-26 23:10:46'),
(270, 55, '2023-06-29', '41666666.67', '166666666.67', '1333333333.33', '2025-07-26 23:10:46'),
(271, 55, '2023-07-30', '41666666.67', '208333333.33', '1291666666.67', '2025-07-26 23:10:46'),
(272, 55, '2023-08-30', '41666666.67', '250000000.00', '1250000000.00', '2025-07-26 23:10:46'),
(273, 55, '2023-09-29', '41666666.67', '291666666.67', '1208333333.33', '2025-07-26 23:10:46'),
(274, 55, '2023-10-30', '41666666.67', '333333333.33', '1166666666.67', '2025-07-26 23:10:46'),
(275, 55, '2023-11-29', '41666666.67', '375000000.00', '1125000000.00', '2025-07-26 23:10:46'),
(276, 55, '2023-12-30', '41666666.67', '416666666.67', '1083333333.33', '2025-07-26 23:10:46'),
(277, 55, '2024-01-30', '41666666.67', '458333333.33', '1041666666.67', '2025-07-26 23:10:46'),
(278, 55, '2024-02-28', '41666666.67', '500000000.00', '1000000000.00', '2025-07-26 23:10:46'),
(279, 55, '2024-03-30', '41666666.67', '541666666.67', '958333333.33', '2025-07-26 23:10:46'),
(280, 55, '2024-04-29', '41666666.67', '583333333.33', '916666666.67', '2025-07-26 23:10:46'),
(281, 55, '2024-05-30', '41666666.67', '625000000.00', '875000000.00', '2025-07-26 23:10:46'),
(282, 55, '2024-06-29', '41666666.67', '666666666.67', '833333333.33', '2025-07-26 23:10:46'),
(283, 55, '2024-07-30', '41666666.67', '708333333.33', '791666666.67', '2025-07-26 23:10:46'),
(284, 55, '2024-08-30', '41666666.67', '750000000.00', '750000000.00', '2025-07-26 23:10:46'),
(285, 55, '2024-09-29', '41666666.67', '791666666.67', '708333333.33', '2025-07-26 23:10:46'),
(286, 55, '2024-10-30', '41666666.67', '833333333.33', '666666666.67', '2025-07-26 23:10:46'),
(287, 55, '2024-11-29', '41666666.67', '875000000.00', '625000000.00', '2025-07-26 23:10:46'),
(288, 55, '2024-12-30', '41666666.67', '916666666.67', '583333333.33', '2025-07-26 23:10:46'),
(289, 55, '2025-01-30', '41666666.67', '958333333.33', '541666666.67', '2025-07-26 23:10:46'),
(290, 55, '2025-02-27', '41666666.67', '1000000000.00', '500000000.00', '2025-07-26 23:10:46'),
(291, 55, '2025-03-30', '41666666.67', '1041666666.67', '458333333.33', '2025-07-26 23:10:46'),
(292, 55, '2025-04-29', '41666666.67', '1083333333.33', '416666666.67', '2025-07-26 23:10:46'),
(293, 55, '2025-05-30', '41666666.67', '1125000000.00', '375000000.00', '2025-07-26 23:10:46'),
(294, 55, '2025-06-29', '41666666.67', '1166666666.67', '333333333.33', '2025-07-26 23:10:46'),
(295, 55, '2025-07-30', '41666666.67', '1208333333.33', '291666666.67', '2025-07-26 23:10:46'),
(296, 56, '2023-04-29', '138888.89', '138888.89', '4861111.11', '2025-07-26 23:11:30'),
(297, 56, '2023-05-30', '138888.89', '277777.78', '4722222.22', '2025-07-26 23:11:30'),
(298, 56, '2023-06-29', '138888.89', '416666.67', '4583333.33', '2025-07-26 23:11:30'),
(299, 56, '2023-07-30', '138888.89', '555555.56', '4444444.44', '2025-07-26 23:11:30'),
(300, 56, '2023-08-30', '138888.89', '694444.44', '4305555.56', '2025-07-26 23:11:30'),
(301, 56, '2023-09-29', '138888.89', '833333.33', '4166666.67', '2025-07-26 23:11:30'),
(302, 56, '2023-10-30', '138888.89', '972222.22', '4027777.78', '2025-07-26 23:11:30'),
(303, 56, '2023-11-29', '138888.89', '1111111.11', '3888888.89', '2025-07-26 23:11:30'),
(304, 56, '2023-12-30', '138888.89', '1250000.00', '3750000.00', '2025-07-26 23:11:30'),
(305, 56, '2024-01-30', '138888.89', '1388888.89', '3611111.11', '2025-07-26 23:11:30'),
(306, 56, '2024-02-28', '138888.89', '1527777.78', '3472222.22', '2025-07-26 23:11:30'),
(307, 56, '2024-03-30', '138888.89', '1666666.67', '3333333.33', '2025-07-26 23:11:30'),
(308, 56, '2024-04-29', '138888.89', '1805555.56', '3194444.44', '2025-07-26 23:11:30'),
(309, 56, '2024-05-30', '138888.89', '1944444.44', '3055555.56', '2025-07-26 23:11:30'),
(310, 56, '2024-06-29', '138888.89', '2083333.33', '2916666.67', '2025-07-26 23:11:30'),
(311, 56, '2024-07-30', '138888.89', '2222222.22', '2777777.78', '2025-07-26 23:11:30'),
(312, 56, '2024-08-30', '138888.89', '2361111.11', '2638888.89', '2025-07-26 23:11:30'),
(313, 56, '2024-09-29', '138888.89', '2500000.00', '2500000.00', '2025-07-26 23:11:30'),
(314, 56, '2024-10-30', '138888.89', '2638888.89', '2361111.11', '2025-07-26 23:11:30'),
(315, 56, '2024-11-29', '138888.89', '2777777.78', '2222222.22', '2025-07-26 23:11:30'),
(316, 56, '2024-12-30', '138888.89', '2916666.67', '2083333.33', '2025-07-26 23:11:30'),
(317, 56, '2025-01-30', '138888.89', '3055555.56', '1944444.44', '2025-07-26 23:11:30'),
(318, 56, '2025-02-27', '138888.89', '3194444.44', '1805555.56', '2025-07-26 23:11:30'),
(319, 56, '2025-03-30', '138888.89', '3333333.33', '1666666.67', '2025-07-26 23:11:30'),
(320, 56, '2025-04-29', '138888.89', '3472222.22', '1527777.78', '2025-07-26 23:11:30'),
(321, 56, '2025-05-30', '138888.89', '3611111.11', '1388888.89', '2025-07-26 23:11:30'),
(322, 56, '2025-06-29', '138888.89', '3750000.00', '1250000.00', '2025-07-26 23:11:30'),
(323, 56, '2025-07-30', '138888.89', '3888888.89', '1111111.11', '2025-07-26 23:11:30'),
(324, 57, '2023-01-30', '500000.00', '500000.00', '11500000.00', '2025-07-26 23:12:36'),
(325, 57, '2023-02-27', '479166.67', '979166.67', '11020833.33', '2025-07-26 23:12:36'),
(326, 57, '2023-03-30', '459201.39', '1438368.06', '10561631.94', '2025-07-26 23:12:36'),
(327, 57, '2023-04-29', '440068.00', '1878436.05', '10121563.95', '2025-07-26 23:12:36'),
(328, 57, '2023-05-30', '421731.83', '2300167.88', '9699832.12', '2025-07-26 23:12:36'),
(329, 57, '2023-06-29', '404159.67', '2704327.56', '9295672.44', '2025-07-26 23:12:36'),
(330, 57, '2023-07-30', '387319.69', '3091647.24', '8908352.76', '2025-07-26 23:12:36'),
(331, 57, '2023-08-30', '371181.36', '3462828.61', '8537171.39', '2025-07-26 23:12:36'),
(332, 57, '2023-09-29', '355715.47', '3818544.08', '8181455.92', '2025-07-26 23:12:36'),
(333, 57, '2023-10-30', '340894.00', '4159438.08', '7840561.92', '2025-07-26 23:12:36'),
(334, 57, '2023-11-29', '326690.08', '4486128.16', '7513871.84', '2025-07-26 23:12:36'),
(335, 57, '2023-12-30', '313077.99', '4799206.15', '7200793.85', '2025-07-26 23:12:36'),
(336, 57, '2024-01-30', '300033.08', '5099239.23', '6900760.77', '2025-07-26 23:12:36'),
(337, 57, '2024-02-28', '287531.70', '5386770.93', '6613229.07', '2025-07-26 23:12:36'),
(338, 57, '2024-03-30', '275551.21', '5662322.14', '6337677.86', '2025-07-26 23:12:36'),
(339, 57, '2024-04-29', '264069.91', '5926392.05', '6073607.95', '2025-07-26 23:12:36'),
(340, 57, '2024-05-30', '253067.00', '6179459.05', '5820540.95', '2025-07-26 23:12:36'),
(341, 57, '2024-06-29', '242522.54', '6421981.59', '5578018.41', '2025-07-26 23:12:36'),
(342, 57, '2024-07-30', '232417.43', '6654399.02', '5345600.98', '2025-07-26 23:12:36'),
(343, 57, '2024-08-30', '222733.37', '6877132.39', '5122867.61', '2025-07-26 23:12:36'),
(344, 57, '2024-09-29', '213452.82', '7090585.21', '4909414.79', '2025-07-26 23:12:36'),
(345, 57, '2024-10-30', '204558.95', '7295144.16', '4704855.84', '2025-07-26 23:12:36'),
(346, 57, '2024-11-29', '196035.66', '7491179.82', '4508820.18', '2025-07-26 23:12:36'),
(347, 57, '2024-12-30', '187867.51', '7679047.33', '4320952.67', '2025-07-26 23:12:36'),
(348, 57, '2025-01-30', '180039.69', '7859087.02', '4140912.98', '2025-07-26 23:12:36'),
(349, 57, '2025-02-27', '172538.04', '8031625.06', '3968374.94', '2025-07-26 23:12:36'),
(350, 57, '2025-03-30', '165348.96', '8196974.02', '3803025.98', '2025-07-26 23:12:36'),
(351, 57, '2025-04-29', '158459.42', '8355433.44', '3644566.56', '2025-07-26 23:12:36'),
(352, 57, '2025-05-30', '151856.94', '8507290.38', '3492709.62', '2025-07-26 23:12:36'),
(353, 57, '2025-06-29', '145529.57', '8652819.94', '3347180.06', '2025-07-26 23:12:36'),
(354, 57, '2025-07-30', '139465.84', '8792285.78', '3207714.22', '2025-07-26 23:12:36'),
(355, 58, '2022-12-30', '15833333.33', '15833333.33', '364166666.67', '2025-07-26 23:13:18'),
(356, 58, '2023-01-30', '15173611.11', '31006944.44', '348993055.56', '2025-07-26 23:13:18'),
(357, 58, '2023-02-27', '14541377.31', '45548321.76', '334451678.24', '2025-07-26 23:13:18'),
(358, 58, '2023-03-30', '13935486.59', '59483808.35', '320516191.65', '2025-07-26 23:13:18'),
(359, 58, '2023-04-29', '13354841.32', '72838649.67', '307161350.33', '2025-07-26 23:13:18'),
(360, 58, '2023-05-30', '12798389.60', '85637039.27', '294362960.73', '2025-07-26 23:13:18'),
(361, 58, '2023-06-29', '12265123.36', '97902162.63', '282097837.37', '2025-07-26 23:13:18'),
(362, 58, '2023-07-30', '11754076.56', '109656239.19', '270343760.81', '2025-07-26 23:13:18'),
(363, 58, '2023-08-30', '11264323.37', '120920562.56', '259079437.44', '2025-07-26 23:13:18'),
(364, 58, '2023-09-29', '10794976.56', '131715539.12', '248284460.88', '2025-07-26 23:13:18'),
(365, 58, '2023-10-30', '10345185.87', '142060724.99', '237939275.01', '2025-07-26 23:13:18'),
(366, 58, '2023-11-29', '9914136.46', '151974861.45', '228025138.55', '2025-07-26 23:13:18'),
(367, 58, '2023-12-30', '9501047.44', '161475908.89', '218524091.11', '2025-07-26 23:13:18'),
(368, 58, '2024-01-30', '9105170.46', '170581079.35', '209418920.65', '2025-07-26 23:13:18'),
(369, 58, '2024-02-28', '8725788.36', '179306867.71', '200693132.29', '2025-07-26 23:13:18'),
(370, 58, '2024-03-30', '8362213.85', '187669081.55', '192330918.45', '2025-07-26 23:13:18'),
(371, 58, '2024-04-29', '8013788.27', '195682869.82', '184317130.18', '2025-07-26 23:13:18'),
(372, 58, '2024-05-30', '7679880.42', '203362750.25', '176637249.75', '2025-07-26 23:13:18'),
(373, 58, '2024-06-29', '7359885.41', '210722635.65', '169277364.35', '2025-07-26 23:13:18'),
(374, 58, '2024-07-30', '7053223.51', '217775859.17', '162224140.83', '2025-07-26 23:13:18'),
(375, 58, '2024-08-30', '6759339.20', '224535198.37', '155464801.63', '2025-07-26 23:13:18'),
(376, 58, '2024-09-29', '6477700.07', '231012898.44', '148987101.56', '2025-07-26 23:13:18'),
(377, 58, '2024-10-30', '6207795.90', '237220694.34', '142779305.66', '2025-07-26 23:13:18'),
(378, 58, '2024-11-29', '5949137.74', '243169832.07', '136830167.93', '2025-07-26 23:13:18'),
(379, 58, '2024-12-30', '5701257.00', '248871089.07', '131128910.93', '2025-07-26 23:13:18'),
(380, 58, '2025-01-30', '5463704.62', '254334793.69', '125665206.31', '2025-07-26 23:13:18'),
(381, 58, '2025-02-27', '5236050.26', '259570843.95', '120429156.05', '2025-07-26 23:13:18'),
(382, 58, '2025-03-30', '5017881.50', '264588725.46', '115411274.54', '2025-07-26 23:13:18'),
(383, 58, '2025-04-29', '4808803.11', '269397528.56', '110602471.44', '2025-07-26 23:13:18'),
(384, 58, '2025-05-30', '4608436.31', '274005964.87', '105994035.13', '2025-07-26 23:13:18'),
(385, 58, '2025-06-29', '4416418.13', '278422383.00', '101577617.00', '2025-07-26 23:13:18'),
(386, 58, '2025-07-30', '4232400.71', '282654783.71', '97345216.29', '2025-07-26 23:13:18'),
(387, 59, '2023-11-29', '3125000.00', '3125000.00', '71875000.00', '2025-07-26 23:13:55'),
(388, 59, '2023-12-30', '2994791.67', '6119791.67', '68880208.33', '2025-07-26 23:13:55'),
(389, 59, '2024-01-30', '2870008.68', '8989800.35', '66010199.65', '2025-07-26 23:13:55'),
(390, 59, '2024-02-28', '2750424.99', '11740225.33', '63259774.67', '2025-07-26 23:13:55'),
(391, 59, '2024-03-30', '2635823.94', '14376049.28', '60623950.72', '2025-07-26 23:13:55'),
(392, 59, '2024-04-29', '2525997.95', '16902047.22', '58097952.78', '2025-07-26 23:13:55'),
(393, 59, '2024-05-30', '2420748.03', '19322795.26', '55677204.74', '2025-07-26 23:13:55'),
(394, 59, '2024-06-29', '2319883.53', '21642678.79', '53357321.21', '2025-07-26 23:13:55'),
(395, 59, '2024-07-30', '2223221.72', '23865900.50', '51134099.50', '2025-07-26 23:13:55'),
(396, 59, '2024-08-30', '2130587.48', '25996487.98', '49003512.02', '2025-07-26 23:13:55'),
(397, 59, '2024-09-29', '2041813.00', '28038300.98', '46961699.02', '2025-07-26 23:13:55'),
(398, 59, '2024-10-30', '1956737.46', '29995038.44', '45004961.56', '2025-07-26 23:13:55'),
(399, 59, '2024-11-29', '1875206.73', '31870245.17', '43129754.83', '2025-07-26 23:13:55'),
(400, 59, '2024-12-30', '1797073.12', '33667318.29', '41332681.71', '2025-07-26 23:13:55'),
(401, 59, '2025-01-30', '1722195.07', '35389513.36', '39610486.64', '2025-07-26 23:13:55'),
(402, 59, '2025-02-27', '1650436.94', '37039950.31', '37960049.69', '2025-07-26 23:13:55'),
(403, 59, '2025-03-30', '1581668.74', '38621619.04', '36378380.96', '2025-07-26 23:13:55'),
(404, 59, '2025-04-29', '1515765.87', '40137384.92', '34862615.08', '2025-07-26 23:13:55'),
(405, 59, '2025-05-30', '1452608.96', '41589993.88', '33410006.12', '2025-07-26 23:13:55'),
(406, 59, '2025-06-29', '1392083.59', '42982077.47', '32017922.53', '2025-07-26 23:13:55'),
(407, 59, '2025-07-30', '1334080.11', '44316157.57', '30683842.43', '2025-07-26 23:13:55'),
(408, 60, '2024-04-29', '125000.00', '125000.00', '2875000.00', '2025-07-26 23:14:34'),
(409, 60, '2024-05-30', '119791.67', '244791.67', '2755208.33', '2025-07-26 23:14:34'),
(410, 60, '2024-06-29', '114800.35', '359592.01', '2640407.99', '2025-07-26 23:14:34'),
(411, 60, '2024-07-30', '110017.00', '469609.01', '2530390.99', '2025-07-26 23:14:34'),
(412, 60, '2024-08-30', '105432.96', '575041.97', '2424958.03', '2025-07-26 23:14:34'),
(413, 60, '2024-09-29', '101039.92', '676081.89', '2323918.11', '2025-07-26 23:14:34'),
(414, 60, '2024-10-30', '96829.92', '772911.81', '2227088.19', '2025-07-26 23:14:34'),
(415, 60, '2024-11-29', '92795.34', '865707.15', '2134292.85', '2025-07-26 23:14:34'),
(416, 60, '2024-12-30', '88928.87', '954636.02', '2045363.98', '2025-07-26 23:14:34'),
(417, 60, '2025-01-30', '85223.50', '1039859.52', '1960140.48', '2025-07-26 23:14:34'),
(418, 60, '2025-02-27', '81672.52', '1121532.04', '1878467.96', '2025-07-26 23:14:34'),
(419, 60, '2025-03-30', '78269.50', '1199801.54', '1800198.46', '2025-07-26 23:14:34'),
(420, 60, '2025-04-29', '75008.27', '1274809.81', '1725190.19', '2025-07-26 23:14:34'),
(421, 60, '2025-05-30', '71882.92', '1346692.73', '1653307.27', '2025-07-26 23:14:34'),
(422, 60, '2025-06-29', '68887.80', '1415580.53', '1584419.47', '2025-07-26 23:14:34'),
(423, 60, '2025-07-30', '66017.48', '1481598.01', '1518401.99', '2025-07-26 23:14:34'),
(424, 61, '2024-02-28', '270833.33', '270833.33', '6229166.67', '2025-07-26 23:15:22'),
(425, 61, '2024-03-30', '259548.61', '530381.94', '5969618.06', '2025-07-26 23:15:22'),
(426, 61, '2024-04-29', '248734.09', '779116.03', '5720883.97', '2025-07-26 23:15:22'),
(427, 61, '2024-05-30', '238370.17', '1017486.20', '5482513.80', '2025-07-26 23:15:22'),
(428, 61, '2024-06-29', '228438.08', '1245924.27', '5254075.73', '2025-07-26 23:15:22'),
(429, 61, '2024-07-30', '218919.82', '1464844.09', '5035155.91', '2025-07-26 23:15:22'),
(430, 61, '2024-08-30', '209798.16', '1674642.26', '4825357.74', '2025-07-26 23:15:22'),
(431, 61, '2024-09-29', '201056.57', '1875698.83', '4624301.17', '2025-07-26 23:15:22'),
(432, 61, '2024-10-30', '192679.22', '2068378.04', '4431621.96', '2025-07-26 23:15:22'),
(433, 61, '2024-11-29', '184650.91', '2253028.96', '4246971.04', '2025-07-26 23:15:22'),
(434, 61, '2024-12-30', '176957.13', '2429986.09', '4070013.91', '2025-07-26 23:15:22'),
(435, 61, '2025-01-30', '169583.91', '2599570.00', '3900430.00', '2025-07-26 23:15:22'),
(436, 61, '2025-02-27', '162517.92', '2762087.92', '3737912.08', '2025-07-26 23:15:22'),
(437, 61, '2025-03-30', '155746.34', '2917834.25', '3582165.75', '2025-07-26 23:15:22'),
(438, 61, '2025-04-29', '149256.91', '3067091.16', '3432908.84', '2025-07-26 23:15:22'),
(439, 61, '2025-05-30', '143037.87', '3210129.03', '3289870.97', '2025-07-26 23:15:22'),
(440, 61, '2025-06-29', '137077.96', '3347206.98', '3152793.02', '2025-07-26 23:15:22'),
(441, 61, '2025-07-30', '131366.38', '3478573.36', '3021426.64', '2025-07-26 23:15:22'),
(442, 62, '2024-08-30', '375000.00', '375000.00', '8625000.00', '2025-07-26 23:15:57'),
(443, 62, '2024-09-29', '359375.00', '734375.00', '8265625.00', '2025-07-26 23:15:57'),
(444, 62, '2024-10-30', '344401.04', '1078776.04', '7921223.96', '2025-07-26 23:15:57'),
(445, 62, '2024-11-29', '330051.00', '1408827.04', '7591172.96', '2025-07-26 23:15:57'),
(446, 62, '2024-12-30', '316298.87', '1725125.91', '7274874.09', '2025-07-26 23:15:57'),
(447, 62, '2025-01-30', '303119.75', '2028245.67', '6971754.33', '2025-07-26 23:15:57'),
(448, 62, '2025-02-27', '290489.76', '2318735.43', '6681264.57', '2025-07-26 23:15:57'),
(449, 62, '2025-03-30', '278386.02', '2597121.45', '6402878.55', '2025-07-26 23:15:57'),
(450, 62, '2025-04-29', '266786.61', '2863908.06', '6136091.94', '2025-07-26 23:15:57'),
(451, 62, '2025-05-30', '255670.50', '3119578.56', '5880421.44', '2025-07-26 23:15:57'),
(452, 62, '2025-06-29', '245017.56', '3364596.12', '5635403.88', '2025-07-26 23:15:57'),
(453, 62, '2025-07-30', '234808.50', '3599404.61', '5400595.39', '2025-07-26 23:15:57'),
(454, 63, '2022-10-30', '277777.78', '277777.78', '9722222.22', '2025-07-26 23:16:31'),
(455, 63, '2022-11-29', '277777.78', '555555.56', '9444444.44', '2025-07-26 23:16:31'),
(456, 63, '2022-12-30', '277777.78', '833333.33', '9166666.67', '2025-07-26 23:16:31'),
(457, 63, '2023-01-30', '277777.78', '1111111.11', '8888888.89', '2025-07-26 23:16:31'),
(458, 63, '2023-02-27', '277777.78', '1388888.89', '8611111.11', '2025-07-26 23:16:31'),
(459, 63, '2023-03-30', '277777.78', '1666666.67', '8333333.33', '2025-07-26 23:16:31'),
(460, 63, '2023-04-29', '277777.78', '1944444.44', '8055555.56', '2025-07-26 23:16:31'),
(461, 63, '2023-05-30', '277777.78', '2222222.22', '7777777.78', '2025-07-26 23:16:31'),
(462, 63, '2023-06-29', '277777.78', '2500000.00', '7500000.00', '2025-07-26 23:16:31'),
(463, 63, '2023-07-30', '277777.78', '2777777.78', '7222222.22', '2025-07-26 23:16:31'),
(464, 63, '2023-08-30', '277777.78', '3055555.56', '6944444.44', '2025-07-26 23:16:31'),
(465, 63, '2023-09-29', '277777.78', '3333333.33', '6666666.67', '2025-07-26 23:16:31'),
(466, 63, '2023-10-30', '277777.78', '3611111.11', '6388888.89', '2025-07-26 23:16:31'),
(467, 63, '2023-11-29', '277777.78', '3888888.89', '6111111.11', '2025-07-26 23:16:31'),
(468, 63, '2023-12-30', '277777.78', '4166666.67', '5833333.33', '2025-07-26 23:16:31'),
(469, 63, '2024-01-30', '277777.78', '4444444.44', '5555555.56', '2025-07-26 23:16:31'),
(470, 63, '2024-02-28', '277777.78', '4722222.22', '5277777.78', '2025-07-26 23:16:31'),
(471, 63, '2024-03-30', '277777.78', '5000000.00', '5000000.00', '2025-07-26 23:16:31'),
(472, 63, '2024-04-29', '277777.78', '5277777.78', '4722222.22', '2025-07-26 23:16:31'),
(473, 63, '2024-05-30', '277777.78', '5555555.56', '4444444.44', '2025-07-26 23:16:31'),
(474, 63, '2024-06-29', '277777.78', '5833333.33', '4166666.67', '2025-07-26 23:16:31'),
(475, 63, '2024-07-30', '277777.78', '6111111.11', '3888888.89', '2025-07-26 23:16:31'),
(476, 63, '2024-08-30', '277777.78', '6388888.89', '3611111.11', '2025-07-26 23:16:31'),
(477, 63, '2024-09-29', '277777.78', '6666666.67', '3333333.33', '2025-07-26 23:16:31'),
(478, 63, '2024-10-30', '277777.78', '6944444.44', '3055555.56', '2025-07-26 23:16:31'),
(479, 63, '2024-11-29', '277777.78', '7222222.22', '2777777.78', '2025-07-26 23:16:31'),
(480, 63, '2024-12-30', '277777.78', '7500000.00', '2500000.00', '2025-07-26 23:16:31'),
(481, 63, '2025-01-30', '277777.78', '7777777.78', '2222222.22', '2025-07-26 23:16:31'),
(482, 63, '2025-02-27', '277777.78', '8055555.56', '1944444.44', '2025-07-26 23:16:31'),
(483, 63, '2025-03-30', '277777.78', '8333333.33', '1666666.67', '2025-07-26 23:16:31'),
(484, 63, '2025-04-29', '277777.78', '8611111.11', '1388888.89', '2025-07-26 23:16:31'),
(485, 63, '2025-05-30', '277777.78', '8888888.89', '1111111.11', '2025-07-26 23:16:31'),
(486, 63, '2025-06-29', '277777.78', '9166666.67', '833333.33', '2025-07-26 23:16:31'),
(487, 63, '2025-07-30', '277777.78', '9444444.44', '555555.56', '2025-07-26 23:16:31'),
(488, 64, '2024-09-29', '125000.00', '125000.00', '4375000.00', '2025-07-26 23:18:07'),
(489, 64, '2024-10-30', '125000.00', '250000.00', '4250000.00', '2025-07-26 23:18:07'),
(490, 64, '2024-11-29', '125000.00', '375000.00', '4125000.00', '2025-07-26 23:18:07'),
(491, 64, '2024-12-30', '125000.00', '500000.00', '4000000.00', '2025-07-26 23:18:07'),
(492, 64, '2025-01-30', '125000.00', '625000.00', '3875000.00', '2025-07-26 23:18:07'),
(493, 64, '2025-02-27', '125000.00', '750000.00', '3750000.00', '2025-07-26 23:18:07'),
(494, 64, '2025-03-30', '125000.00', '875000.00', '3625000.00', '2025-07-26 23:18:07'),
(495, 64, '2025-04-29', '125000.00', '1000000.00', '3500000.00', '2025-07-26 23:18:07'),
(496, 64, '2025-05-30', '125000.00', '1125000.00', '3375000.00', '2025-07-26 23:18:07'),
(497, 64, '2025-06-29', '125000.00', '1250000.00', '3250000.00', '2025-07-26 23:18:07'),
(498, 64, '2025-07-30', '125000.00', '1375000.00', '3125000.00', '2025-07-26 23:18:07'),
(499, 65, '2024-11-29', '61111.11', '61111.11', '2138888.89', '2025-07-26 23:18:51'),
(500, 65, '2024-12-30', '61111.11', '122222.22', '2077777.78', '2025-07-26 23:18:51'),
(501, 65, '2025-01-30', '61111.11', '183333.33', '2016666.67', '2025-07-26 23:18:51'),
(502, 65, '2025-02-27', '61111.11', '244444.44', '1955555.56', '2025-07-26 23:18:51'),
(503, 65, '2025-03-30', '61111.11', '305555.56', '1894444.44', '2025-07-26 23:18:51'),
(504, 65, '2025-04-29', '61111.11', '366666.67', '1833333.33', '2025-07-26 23:18:51'),
(505, 65, '2025-05-30', '61111.11', '427777.78', '1772222.22', '2025-07-26 23:18:51'),
(506, 65, '2025-06-29', '61111.11', '488888.89', '1711111.11', '2025-07-26 23:18:51'),
(507, 65, '2025-07-30', '61111.11', '550000.00', '1650000.00', '2025-07-26 23:18:51'),
(508, 66, '2024-01-30', '188888.89', '188888.89', '6611111.11', '2025-07-26 23:19:41'),
(509, 66, '2024-02-28', '188888.89', '377777.78', '6422222.22', '2025-07-26 23:19:41'),
(510, 66, '2024-03-30', '188888.89', '566666.67', '6233333.33', '2025-07-26 23:19:41'),
(511, 66, '2024-04-29', '188888.89', '755555.56', '6044444.44', '2025-07-26 23:19:41'),
(512, 66, '2024-05-30', '188888.89', '944444.44', '5855555.56', '2025-07-26 23:19:41'),
(513, 66, '2024-06-29', '188888.89', '1133333.33', '5666666.67', '2025-07-26 23:19:41'),
(514, 66, '2024-07-30', '188888.89', '1322222.22', '5477777.78', '2025-07-26 23:19:41'),
(515, 66, '2024-08-30', '188888.89', '1511111.11', '5288888.89', '2025-07-26 23:19:41'),
(516, 66, '2024-09-29', '188888.89', '1700000.00', '5100000.00', '2025-07-26 23:19:41'),
(517, 66, '2024-10-30', '188888.89', '1888888.89', '4911111.11', '2025-07-26 23:19:41'),
(518, 66, '2024-11-29', '188888.89', '2077777.78', '4722222.22', '2025-07-26 23:19:41'),
(519, 66, '2024-12-30', '188888.89', '2266666.67', '4533333.33', '2025-07-26 23:19:41'),
(520, 66, '2025-01-30', '188888.89', '2455555.56', '4344444.44', '2025-07-26 23:19:41'),
(521, 66, '2025-02-27', '188888.89', '2644444.44', '4155555.56', '2025-07-26 23:19:41'),
(522, 66, '2025-03-30', '188888.89', '2833333.33', '3966666.67', '2025-07-26 23:19:41'),
(523, 66, '2025-04-29', '188888.89', '3022222.22', '3777777.78', '2025-07-26 23:19:41'),
(524, 66, '2025-05-30', '188888.89', '3211111.11', '3588888.89', '2025-07-26 23:19:41'),
(525, 66, '2025-06-29', '188888.89', '3400000.00', '3400000.00', '2025-07-26 23:19:41'),
(526, 66, '2025-07-30', '188888.89', '3588888.89', '3211111.11', '2025-07-26 23:19:41'),
(527, 67, '2025-01-30', '500000.00', '500000.00', '17500000.00', '2025-07-26 23:20:25'),
(528, 67, '2025-02-27', '500000.00', '1000000.00', '17000000.00', '2025-07-26 23:20:25'),
(529, 67, '2025-03-30', '500000.00', '1500000.00', '16500000.00', '2025-07-26 23:20:25'),
(530, 67, '2025-04-29', '500000.00', '2000000.00', '16000000.00', '2025-07-26 23:20:25'),
(531, 67, '2025-05-30', '500000.00', '2500000.00', '15500000.00', '2025-07-26 23:20:25'),
(532, 67, '2025-06-29', '500000.00', '3000000.00', '15000000.00', '2025-07-26 23:20:25'),
(533, 67, '2025-07-30', '500000.00', '3500000.00', '14500000.00', '2025-07-26 23:20:25'),
(534, 68, '2025-01-30', '402777.78', '402777.78', '14097222.22', '2025-07-26 23:21:03'),
(535, 68, '2025-02-27', '402777.78', '805555.56', '13694444.44', '2025-07-26 23:21:03'),
(536, 68, '2025-03-30', '402777.78', '1208333.33', '13291666.67', '2025-07-26 23:21:03'),
(537, 68, '2025-04-29', '402777.78', '1611111.11', '12888888.89', '2025-07-26 23:21:03'),
(538, 68, '2025-05-30', '402777.78', '2013888.89', '12486111.11', '2025-07-26 23:21:03'),
(539, 68, '2025-06-29', '402777.78', '2416666.67', '12083333.33', '2025-07-26 23:21:03'),
(540, 68, '2025-07-30', '402777.78', '2819444.44', '11680555.56', '2025-07-26 23:21:03'),
(541, 69, '2025-02-27', '88888.89', '88888.89', '3111111.11', '2025-07-26 23:21:39'),
(542, 69, '2025-03-30', '88888.89', '177777.78', '3022222.22', '2025-07-26 23:21:39'),
(543, 69, '2025-04-29', '88888.89', '266666.67', '2933333.33', '2025-07-26 23:21:39'),
(544, 69, '2025-05-30', '88888.89', '355555.56', '2844444.44', '2025-07-26 23:21:39'),
(545, 69, '2025-06-29', '88888.89', '444444.44', '2755555.56', '2025-07-26 23:21:39'),
(546, 69, '2025-07-30', '88888.89', '533333.33', '2666666.67', '2025-07-26 23:21:39'),
(547, 70, '2025-03-30', '69444.44', '69444.44', '2430555.56', '2025-07-26 23:22:26'),
(548, 70, '2025-04-29', '69444.44', '138888.89', '2361111.11', '2025-07-26 23:22:26'),
(549, 70, '2025-05-30', '69444.44', '208333.33', '2291666.67', '2025-07-26 23:22:26'),
(550, 70, '2025-06-29', '69444.44', '277777.78', '2222222.22', '2025-07-26 23:22:26'),
(551, 70, '2025-07-30', '69444.44', '347222.22', '2152777.78', '2025-07-26 23:22:26'),
(552, 71, '2025-05-30', '27777.78', '27777.78', '972222.22', '2025-07-26 23:23:00'),
(553, 71, '2025-06-29', '27777.78', '55555.56', '944444.44', '2025-07-26 23:23:00'),
(554, 71, '2025-07-30', '27777.78', '83333.33', '916666.67', '2025-07-26 23:23:00'),
(555, 72, '2024-12-30', '152777.78', '152777.78', '5347222.22', '2025-07-26 23:23:36'),
(556, 72, '2025-01-30', '152777.78', '305555.56', '5194444.44', '2025-07-26 23:23:36'),
(557, 72, '2025-02-27', '152777.78', '458333.33', '5041666.67', '2025-07-26 23:23:36'),
(558, 72, '2025-03-30', '152777.78', '611111.11', '4888888.89', '2025-07-26 23:23:36'),
(559, 72, '2025-04-29', '152777.78', '763888.89', '4736111.11', '2025-07-26 23:23:36'),
(560, 72, '2025-05-30', '152777.78', '916666.67', '4583333.33', '2025-07-26 23:23:36'),
(561, 72, '2025-06-29', '152777.78', '1069444.44', '4430555.56', '2025-07-26 23:23:36'),
(562, 72, '2025-07-30', '152777.78', '1222222.22', '4277777.78', '2025-07-26 23:23:36'),
(563, 73, '2024-12-30', '88888888.89', '88888888.89', '3111111111.11', '2025-07-26 23:25:20'),
(564, 73, '2025-01-30', '86419753.09', '175308641.98', '3024691358.02', '2025-07-26 23:25:20'),
(565, 73, '2025-02-27', '84019204.39', '259327846.36', '2940672153.64', '2025-07-26 23:25:20'),
(566, 73, '2025-03-30', '81685337.60', '341013183.97', '2858986816.03', '2025-07-26 23:25:20'),
(567, 73, '2025-04-29', '79416300.45', '420429484.41', '2779570515.59', '2025-07-26 23:25:20'),
(568, 73, '2025-05-30', '77210292.10', '497639776.51', '2702360223.49', '2025-07-26 23:25:20'),
(569, 73, '2025-06-29', '75065561.76', '572705338.27', '2627294661.73', '2025-07-26 23:25:20'),
(570, 73, '2025-07-30', '72980407.27', '645685745.54', '2554314254.46', '2025-07-26 23:25:20'),
(571, 74, '2022-01-30', '2500000.00', '2500000.00', '57500000.00', '2025-07-26 23:25:58'),
(572, 74, '2022-02-27', '2395833.33', '4895833.33', '55104166.67', '2025-07-26 23:25:58'),
(573, 74, '2022-03-30', '2296006.94', '7191840.28', '52808159.72', '2025-07-26 23:25:58'),
(574, 74, '2022-04-29', '2200339.99', '9392180.27', '50607819.73', '2025-07-26 23:25:58'),
(575, 74, '2022-05-30', '2108659.16', '11500839.42', '48499160.58', '2025-07-26 23:25:58'),
(576, 74, '2022-06-29', '2020798.36', '13521637.78', '46478362.22', '2025-07-26 23:25:58'),
(577, 74, '2022-07-30', '1936598.43', '15458236.21', '44541763.79', '2025-07-26 23:25:58'),
(578, 74, '2022-08-30', '1855906.82', '17314143.03', '42685856.97', '2025-07-26 23:25:58'),
(579, 74, '2022-09-29', '1778577.37', '19092720.40', '40907279.60', '2025-07-26 23:25:58'),
(580, 74, '2022-10-30', '1704469.98', '20797190.39', '39202809.61', '2025-07-26 23:25:58'),
(581, 74, '2022-11-29', '1633450.40', '22430640.79', '37569359.21', '2025-07-26 23:25:58'),
(582, 74, '2022-12-30', '1565389.97', '23996030.75', '36003969.25', '2025-07-26 23:25:58'),
(583, 74, '2023-01-30', '1500165.39', '25496196.14', '34503803.86', '2025-07-26 23:25:58'),
(584, 74, '2023-02-27', '1437658.49', '26933854.63', '33066145.37', '2025-07-26 23:25:58'),
(585, 74, '2023-03-30', '1377756.06', '28311610.69', '31688389.31', '2025-07-26 23:25:58'),
(586, 74, '2023-04-29', '1320349.55', '29631960.25', '30368039.75', '2025-07-26 23:25:58'),
(587, 74, '2023-05-30', '1265334.99', '30897295.24', '29102704.76', '2025-07-26 23:25:58'),
(588, 74, '2023-06-29', '1212612.70', '32109907.93', '27890092.07', '2025-07-26 23:25:58'),
(589, 74, '2023-07-30', '1162087.17', '33271995.10', '26728004.90', '2025-07-26 23:25:58'),
(590, 74, '2023-08-30', '1113666.87', '34385661.97', '25614338.03', '2025-07-26 23:25:58'),
(591, 74, '2023-09-29', '1067264.08', '35452926.06', '24547073.94', '2025-07-26 23:25:58'),
(592, 74, '2023-10-30', '1022794.75', '36475720.81', '23524279.19', '2025-07-26 23:25:58'),
(593, 74, '2023-11-29', '980178.30', '37455899.11', '22544100.89', '2025-07-26 23:25:58'),
(594, 74, '2023-12-30', '939337.54', '38395236.64', '21604763.36', '2025-07-26 23:25:58'),
(595, 74, '2024-01-30', '900198.47', '39295435.12', '20704564.88', '2025-07-26 23:25:58'),
(596, 74, '2024-02-28', '862690.20', '40158125.32', '19841874.68', '2025-07-26 23:25:58'),
(597, 74, '2024-03-30', '826744.78', '40984870.10', '19015129.90', '2025-07-26 23:25:58'),
(598, 74, '2024-04-29', '792297.08', '41777167.18', '18222832.82', '2025-07-26 23:25:58'),
(599, 74, '2024-05-30', '759284.70', '42536451.88', '17463548.12', '2025-07-26 23:25:58'),
(600, 74, '2024-06-29', '727647.84', '43264099.72', '16735900.28', '2025-07-26 23:25:58'),
(601, 74, '2024-07-30', '697329.18', '43961428.90', '16038571.10', '2025-07-26 23:25:58'),
(602, 74, '2024-08-30', '668273.80', '44629702.69', '15370297.31', '2025-07-26 23:25:58'),
(603, 74, '2024-09-29', '640429.05', '45270131.75', '14729868.25', '2025-07-26 23:25:58'),
(604, 74, '2024-10-30', '613744.51', '45883876.26', '14116123.74', '2025-07-26 23:25:58'),
(605, 74, '2024-11-29', '588171.82', '46472048.08', '13527951.92', '2025-07-26 23:25:58'),
(606, 74, '2024-12-30', '563664.66', '47035712.74', '12964287.26', '2025-07-26 23:25:58'),
(607, 74, '2025-01-30', '540178.64', '47575891.38', '12424108.62', '2025-07-26 23:25:58'),
(608, 74, '2025-02-27', '517671.19', '48093562.57', '11906437.43', '2025-07-26 23:25:58'),
(609, 74, '2025-03-30', '496101.56', '48589664.13', '11410335.87', '2025-07-26 23:25:58'),
(610, 74, '2025-04-29', '475430.66', '49065094.79', '10934905.21', '2025-07-26 23:25:58'),
(611, 74, '2025-05-30', '455621.05', '49520715.84', '10479284.16', '2025-07-26 23:25:58'),
(612, 74, '2025-06-29', '436636.84', '49957352.68', '10042647.32', '2025-07-26 23:25:58'),
(613, 74, '2025-07-30', '418443.64', '50375796.32', '9624203.68', '2025-07-26 23:25:58'),
(614, 75, '2024-10-30', '388888.89', '388888.89', '13611111.11', '2025-07-26 23:26:30');
INSERT INTO `asset_depreciations` (`depreciation_id`, `asset_id`, `depreciation_date`, `depreciation_amount`, `accumulated_depreciation`, `book_value`, `created_at`) VALUES
(615, 75, '2024-11-29', '388888.89', '777777.78', '13222222.22', '2025-07-26 23:26:30'),
(616, 75, '2024-12-30', '388888.89', '1166666.67', '12833333.33', '2025-07-26 23:26:30'),
(617, 75, '2025-01-30', '388888.89', '1555555.56', '12444444.44', '2025-07-26 23:26:30'),
(618, 75, '2025-02-27', '388888.89', '1944444.44', '12055555.56', '2025-07-26 23:26:30'),
(619, 75, '2025-03-30', '388888.89', '2333333.33', '11666666.67', '2025-07-26 23:26:30'),
(620, 75, '2025-04-29', '388888.89', '2722222.22', '11277777.78', '2025-07-26 23:26:30'),
(621, 75, '2025-05-30', '388888.89', '3111111.11', '10888888.89', '2025-07-26 23:26:30'),
(622, 75, '2025-06-29', '388888.89', '3500000.00', '10500000.00', '2025-07-26 23:26:30'),
(623, 75, '2025-07-30', '388888.89', '3888888.89', '10111111.11', '2025-07-26 23:26:30'),
(679, 48, '2021-01-30', '14166666.67', '14166666.67', '835833333.33', '2025-07-27 00:26:53'),
(680, 48, '2021-02-27', '14166666.67', '28333333.33', '821666666.67', '2025-07-27 00:26:53'),
(681, 48, '2021-03-30', '14166666.67', '42500000.00', '807500000.00', '2025-07-27 00:26:53'),
(682, 48, '2021-04-29', '14166666.67', '56666666.67', '793333333.33', '2025-07-27 00:26:53'),
(683, 48, '2021-05-30', '14166666.67', '70833333.33', '779166666.67', '2025-07-27 00:26:53'),
(684, 48, '2021-06-29', '14166666.67', '85000000.00', '765000000.00', '2025-07-27 00:26:53'),
(685, 48, '2021-07-30', '14166666.67', '99166666.67', '750833333.33', '2025-07-27 00:26:53'),
(686, 48, '2021-08-30', '14166666.67', '113333333.33', '736666666.67', '2025-07-27 00:26:53'),
(687, 48, '2021-09-29', '14166666.67', '127500000.00', '722500000.00', '2025-07-27 00:26:53'),
(688, 48, '2021-10-30', '14166666.67', '141666666.67', '708333333.33', '2025-07-27 00:26:53'),
(689, 48, '2021-11-29', '14166666.67', '155833333.33', '694166666.67', '2025-07-27 00:26:53'),
(690, 48, '2021-12-30', '14166666.67', '170000000.00', '680000000.00', '2025-07-27 00:26:53'),
(691, 48, '2022-01-30', '14166666.67', '184166666.67', '665833333.33', '2025-07-27 00:26:53'),
(692, 48, '2022-02-27', '14166666.67', '198333333.33', '651666666.67', '2025-07-27 00:26:53'),
(693, 48, '2022-03-30', '14166666.67', '212500000.00', '637500000.00', '2025-07-27 00:26:53'),
(694, 48, '2022-04-29', '14166666.67', '226666666.67', '623333333.33', '2025-07-27 00:26:53'),
(695, 48, '2022-05-30', '14166666.67', '240833333.33', '609166666.67', '2025-07-27 00:26:53'),
(696, 48, '2022-06-29', '14166666.67', '255000000.00', '595000000.00', '2025-07-27 00:26:53'),
(697, 48, '2022-07-30', '14166666.67', '269166666.67', '580833333.33', '2025-07-27 00:26:53'),
(698, 48, '2022-08-30', '14166666.67', '283333333.33', '566666666.67', '2025-07-27 00:26:53'),
(699, 48, '2022-09-29', '14166666.67', '297500000.00', '552500000.00', '2025-07-27 00:26:53'),
(700, 48, '2022-10-30', '14166666.67', '311666666.67', '538333333.33', '2025-07-27 00:26:53'),
(701, 48, '2022-11-29', '14166666.67', '325833333.33', '524166666.67', '2025-07-27 00:26:53'),
(702, 48, '2022-12-30', '14166666.67', '340000000.00', '510000000.00', '2025-07-27 00:26:53'),
(703, 48, '2023-01-30', '14166666.67', '354166666.67', '495833333.33', '2025-07-27 00:26:53'),
(704, 48, '2023-02-27', '14166666.67', '368333333.33', '481666666.67', '2025-07-27 00:26:53'),
(705, 48, '2023-03-30', '14166666.67', '382500000.00', '467500000.00', '2025-07-27 00:26:53'),
(706, 48, '2023-04-29', '14166666.67', '396666666.67', '453333333.33', '2025-07-27 00:26:53'),
(707, 48, '2023-05-30', '14166666.67', '410833333.33', '439166666.67', '2025-07-27 00:26:53'),
(708, 48, '2023-06-29', '14166666.67', '425000000.00', '425000000.00', '2025-07-27 00:26:53'),
(709, 48, '2023-07-30', '14166666.67', '439166666.67', '410833333.33', '2025-07-27 00:26:53'),
(710, 48, '2023-08-30', '14166666.67', '453333333.33', '396666666.67', '2025-07-27 00:26:53'),
(711, 48, '2023-09-29', '14166666.67', '467500000.00', '382500000.00', '2025-07-27 00:26:53'),
(712, 48, '2023-10-30', '14166666.67', '481666666.67', '368333333.33', '2025-07-27 00:26:53'),
(713, 48, '2023-11-29', '14166666.67', '495833333.33', '354166666.67', '2025-07-27 00:26:53'),
(714, 48, '2023-12-30', '14166666.67', '510000000.00', '340000000.00', '2025-07-27 00:26:53'),
(715, 48, '2024-01-30', '14166666.67', '524166666.67', '325833333.33', '2025-07-27 00:26:53'),
(716, 48, '2024-02-28', '14166666.67', '538333333.33', '311666666.67', '2025-07-27 00:26:53'),
(717, 48, '2024-03-30', '14166666.67', '552500000.00', '297500000.00', '2025-07-27 00:26:53'),
(718, 48, '2024-04-29', '14166666.67', '566666666.67', '283333333.33', '2025-07-27 00:26:53'),
(719, 48, '2024-05-30', '14166666.67', '580833333.33', '269166666.67', '2025-07-27 00:26:53'),
(720, 48, '2024-06-29', '14166666.67', '595000000.00', '255000000.00', '2025-07-27 00:26:53'),
(721, 48, '2024-07-30', '14166666.67', '609166666.67', '240833333.33', '2025-07-27 00:26:53'),
(722, 48, '2024-08-30', '14166666.67', '623333333.33', '226666666.67', '2025-07-27 00:26:53'),
(723, 48, '2024-09-29', '14166666.67', '637500000.00', '212500000.00', '2025-07-27 00:26:53'),
(724, 48, '2024-10-30', '14166666.67', '651666666.67', '198333333.33', '2025-07-27 00:26:53'),
(725, 48, '2024-11-29', '14166666.67', '665833333.33', '184166666.67', '2025-07-27 00:26:53'),
(726, 48, '2024-12-30', '14166666.67', '680000000.00', '170000000.00', '2025-07-27 00:26:53'),
(727, 48, '2025-01-30', '14166666.67', '694166666.67', '155833333.33', '2025-07-27 00:26:53'),
(728, 48, '2025-02-27', '14166666.67', '708333333.33', '141666666.67', '2025-07-27 00:26:53'),
(729, 48, '2025-03-30', '14166666.67', '722500000.00', '127500000.00', '2025-07-27 00:26:53'),
(730, 48, '2025-04-29', '14166666.67', '736666666.67', '113333333.33', '2025-07-27 00:26:53'),
(731, 48, '2025-05-30', '14166666.67', '750833333.33', '99166666.67', '2025-07-27 00:26:53'),
(732, 48, '2025-06-29', '14166666.67', '765000000.00', '85000000.00', '2025-07-27 00:26:53'),
(733, 48, '2025-07-30', '14166666.67', '779166666.67', '70833333.33', '2025-07-27 00:26:53');

-- --------------------------------------------------------

--
-- Table structure for table `asset_disposals`
--

CREATE TABLE `asset_disposals` (
  `disposal_id` int(11) NOT NULL,
  `asset_id` int(11) NOT NULL,
  `disposal_date` date NOT NULL,
  `disposal_type` enum('sale','lost','damaged') NOT NULL,
  `disposal_value` decimal(18,2) DEFAULT 0.00,
  `notes` text DEFAULT NULL,
  `created_by` int(11) DEFAULT NULL,
  `created_at` datetime DEFAULT current_timestamp()
) ENGINE=InnoDB DEFAULT CHARSET=utf8mb4;

--
-- Dumping data for table `asset_disposals`
--

INSERT INTO `asset_disposals` (`disposal_id`, `asset_id`, `disposal_date`, `disposal_type`, `disposal_value`, `notes`, `created_by`, `created_at`) VALUES
(1, 74, '2025-06-19', 'damaged', '0.00', 'Pintu terlepas dan beberapa bagian bolong.', 1, '2025-07-27 00:27:55'),
(2, 51, '2025-07-16', 'sale', '6500000.00', 'Dijual sebagai modal untuk ganti motor baru.', 1, '2025-07-27 00:31:52');

-- --------------------------------------------------------

--
-- Table structure for table `asset_documents`
--

CREATE TABLE `asset_documents` (
  `document_id` int(11) NOT NULL,
  `asset_id` int(11) NOT NULL,
  `document_type` enum('invoice','certificate','photo','other') DEFAULT NULL,
  `file_path` varchar(255) DEFAULT NULL,
  `uploaded_at` datetime DEFAULT current_timestamp(),
  `uploaded_by` int(11) DEFAULT NULL
) ENGINE=InnoDB DEFAULT CHARSET=utf8mb4;

--
-- Dumping data for table `asset_documents`
--

INSERT INTO `asset_documents` (`document_id`, `asset_id`, `document_type`, `file_path`, `uploaded_at`, `uploaded_by`) VALUES
(20, 48, 'invoice', '/uploads/invoice/1753545959428_Truk_Box_10_ton.pdf', '2025-07-26 23:05:59', 1),
(21, 49, 'certificate', '/uploads/certificate/1753545988897_Truk_Wingbox.pdf', '2025-07-26 23:06:28', 1),
(22, 50, 'photo', '/uploads/photo/1753546029163_Mobil_Van_Pengiriman.pdf', '2025-07-26 23:07:09', 1),
(23, 51, 'other', '/uploads/other/1753546065733_Motor_Kurir.pdf', '2025-07-26 23:07:45', 1),
(24, 52, 'invoice', '/uploads/invoice/1753546107853_Forklift_3_Ton.pdf', '2025-07-26 23:08:27', 1),
(25, 53, 'certificate', '/uploads/certificate/1753546155238_Pickup_L300.pdf', '2025-07-26 23:09:15', 1),
(26, 54, 'photo', '/uploads/photo/1753546197627_Pallet_Jack_Hand_Pallet.pdf', '2025-07-26 23:09:57', 1),
(27, 55, 'other', '/uploads/other/1753546246304_Racking_System_Rak_Gudang.pdf', '2025-07-26 23:10:46', 1),
(28, 56, 'invoice', '/uploads/invoice/1753546290566_Meja_Sortir_Paket.pdf', '2025-07-26 23:11:30', 1),
(29, 57, 'certificate', '/uploads/certificate/1753546356509_Timbangan_Digital_Heavy_Duty.pdf', '2025-07-26 23:12:36', 1),
(30, 58, 'photo', '/uploads/photo/1753546398418_Conveyor_Otomatis.pdf', '2025-07-26 23:13:18', 1),
(31, 59, 'other', '/uploads/other/1753546435030_Mesin_Strapping_Otomatis.pdf', '2025-07-26 23:13:55', 1),
(32, 60, 'invoice', '/uploads/invoice/1753546474935_Pallet_Plastik.pdf', '2025-07-26 23:14:34', 1),
(33, 61, 'certificate', '/uploads/certificate/1753546522180_Box_Kontainer_Logistik.pdf', '2025-07-26 23:15:22', 1),
(34, 62, 'photo', '/uploads/photo/1753546557618_Shrink_Wrap_Machine.pdf', '2025-07-26 23:15:57', 1),
(35, 63, 'other', '/uploads/other/1753546591194_Komputer_Gudang_PC.pdf', '2025-07-26 23:16:31', 1),
(36, 64, 'invoice', '/uploads/invoice/1753546687117_Printer_Label_Barcode.pdf', '2025-07-26 23:18:07', 1),
(37, 65, 'certificate', '/uploads/certificate/1753546731911_Scanner_Barcode_Wireless.pdf', '2025-07-26 23:18:51', 1),
(38, 66, 'photo', '/uploads/photo/1753546781298_Router__Access_Point_Gudang.pdf', '2025-07-26 23:19:41', 1),
(39, 67, 'other', '/uploads/other/1753546825364_CCTV_Gudang__Area_Bongkar_Muat.pdf', '2025-07-26 23:20:25', 1),
(40, 68, 'invoice', '/uploads/invoice/1753546863541_Laptop_Staff_Operasional.pdf', '2025-07-26 23:21:03', 1),
(41, 69, 'certificate', '/uploads/certificate/1753546899943_Meja_dan_Kursi_Kantor.pdf', '2025-07-26 23:21:39', 1),
(42, 70, 'photo', '/uploads/photo/1753546946664_Lemari_Arsip_Logistik.pdf', '2025-07-26 23:22:26', 1),
(43, 71, 'other', '/uploads/other/1753546980247_Whiteboard_Operational_Meeting.pdf', '2025-07-26 23:23:00', 1),
(44, 72, 'invoice', '/uploads/invoice/1753547016122_UPS_Uninteruptible_Power_Supply.pdf', '2025-07-26 23:23:36', 1),
(45, 73, 'certificate', '/uploads/certificate/1753547120374_Reach_Stalker_Kalmar.pdf', '2025-07-26 23:25:20', 1),
(46, 74, 'photo', '/uploads/photo/1753547158766_Container_40_Kaki.pdf', '2025-07-26 23:25:58', 1),
(47, 75, 'other', '/uploads/other/1753553433992_TV_Meeting_42_Inch.pdf', '2025-07-27 01:10:33', 1);

-- --------------------------------------------------------

--
-- Table structure for table `users`
--

CREATE TABLE `users` (
  `user_id` int(11) NOT NULL,
  `username` varchar(50) NOT NULL,
  `password` varchar(255) NOT NULL,
  `email` varchar(100) DEFAULT NULL,
  `role` enum('admin','finance','asset_manager','auditor','staff') DEFAULT 'staff',
  `created_at` datetime DEFAULT current_timestamp(),
  `status` enum('active','inactive') NOT NULL DEFAULT 'inactive',
  `updated_at` datetime DEFAULT current_timestamp() ON UPDATE current_timestamp()
) ENGINE=InnoDB DEFAULT CHARSET=utf8mb4;

--
-- Dumping data for table `users`
--

INSERT INTO `users` (`user_id`, `username`, `password`, `email`, `role`, `created_at`, `status`, `updated_at`) VALUES
(1, 'admin_cipta', '$2b$10$ojSo.4cBQ2oioZQeTXeMDudPLKIJS2zQzBR6feqJahD3RtXI.oEcy', 'admin@cipta-kargo.co.id', 'admin', '2025-07-23 20:38:25', 'active', '2025-07-26 17:34:03'),
(2, 'ast_mgr_andi', '$2b$10$R.Gv1HWzQkWMsiGj2aSluOID4jL9OrKLdHZ2pYb.AtESzp0KZnIdy', 'andi.asset@cipta-kargo.co.id', 'asset_manager', '2025-07-23 20:38:25', 'active', '2025-07-26 17:35:06'),
(3, 'finance_rina', '$2b$10$R.Gv1HWzQkWMsiGj2aSluOID4jL9OrKLdHZ2pYb.AtESzp0KZnIdy', 'rina.finance@cipta-kargo.co.id', 'finance', '2025-07-23 20:38:25', 'active', '2025-07-26 01:05:19'),
(4, 'ast_mng_bayu', '$2b$10$R.Gv1HWzQkWMsiGj2aSluOID4jL9OrKLdHZ2pYb.AtESzp0KZnIdy', 'gudang.sby@cipta-kargo.co.id', 'asset_manager', '2025-07-23 20:38:25', 'active', '2025-07-26 17:34:58'),
(5, 'driver_joko', '$2b$10$R.Gv1HWzQkWMsiGj2aSluOID4jL9OrKLdHZ2pYb.AtESzp0KZnIdy', 'joko.driver@cipta-kargo.co.id', 'staff', '2025-07-23 20:38:25', 'active', '2025-07-26 01:05:19'),
(6, 'auditor_budi', '$2b$10$R.Gv1HWzQkWMsiGj2aSluOID4jL9OrKLdHZ2pYb.AtESzp0KZnIdy', 'budi.audit@cipta-kargo.co.id', 'auditor', '2025-07-23 20:38:25', 'active', '2025-07-26 01:05:19'),
(7, 'logistics_maya', '$2b$10$R.Gv1HWzQkWMsiGj2aSluOID4jL9OrKLdHZ2pYb.AtESzp0KZnIdy', 'maya.logistics@cipta-kargo.co.id', 'asset_manager', '2025-07-23 20:38:25', 'active', '2025-07-27 00:44:39'),
(8, 'staff_aldi', '$2b$10$R.Gv1HWzQkWMsiGj2aSluOID4jL9OrKLdHZ2pYb.AtESzp0KZnIdy', 'aldi.staff@cipta-kargo.co.id', 'staff', '2025-07-23 20:38:25', 'active', '2025-07-27 00:44:37'),
(9, 'ast_mng_farid', '$2b$10$TirHOToS5ukgyduPGFMV2O.FZryaV4UHOElhUPAyhpOniZmDkycNe', 'farid.mng@cipta-kargo.com', 'asset_manager', '2025-07-27 00:45:44', 'active', '2025-07-27 00:45:44'),
(10, 'abin_staff', '$2b$10$8Q5fuxsM3jI5qdziXq4JsOlgJZqyYdgy8ChPweCNABF9czypzruEO', 'abin.staff@cipta-kargo.com', 'staff', '2025-07-27 00:46:38', 'active', '2025-07-27 00:46:38'),
(11, 'lestari_finance', '$2b$10$aYto3rybPXsskjNXw2UpK.ygV3FEdb0XgT4S/L37wcow7RJ/BZnC.', 'lestari.finance@cipta-kargo.com', 'finance', '2025-07-27 00:48:23', 'inactive', '2025-07-27 00:48:23');

--
-- Indexes for dumped tables
--

--
-- Indexes for table `assets`
--
ALTER TABLE `assets`
  ADD PRIMARY KEY (`asset_id`),
  ADD UNIQUE KEY `asset_code` (`asset_code`),
  ADD KEY `category_id` (`category_id`),
  ADD KEY `created_by` (`created_by`);

--
-- Indexes for table `asset_assignments`
--
ALTER TABLE `asset_assignments`
  ADD PRIMARY KEY (`assignment_id`),
  ADD KEY `asset_id` (`asset_id`),
  ADD KEY `assigned_to` (`assigned_to`);

--
-- Indexes for table `asset_categories`
--
ALTER TABLE `asset_categories`
  ADD PRIMARY KEY (`category_id`);

--
-- Indexes for table `asset_depreciations`
--
ALTER TABLE `asset_depreciations`
  ADD PRIMARY KEY (`depreciation_id`),
  ADD KEY `asset_id` (`asset_id`);

--
-- Indexes for table `asset_disposals`
--
ALTER TABLE `asset_disposals`
  ADD PRIMARY KEY (`disposal_id`),
  ADD KEY `asset_id` (`asset_id`),
  ADD KEY `created_by` (`created_by`);

--
-- Indexes for table `asset_documents`
--
ALTER TABLE `asset_documents`
  ADD PRIMARY KEY (`document_id`),
  ADD KEY `asset_id` (`asset_id`),
  ADD KEY `uploaded_by` (`uploaded_by`);

--
-- Indexes for table `users`
--
ALTER TABLE `users`
  ADD PRIMARY KEY (`user_id`);

--
-- AUTO_INCREMENT for dumped tables
--

--
-- AUTO_INCREMENT for table `assets`
--
ALTER TABLE `assets`
  MODIFY `asset_id` int(11) NOT NULL AUTO_INCREMENT, AUTO_INCREMENT=76;

--
-- AUTO_INCREMENT for table `asset_assignments`
--
ALTER TABLE `asset_assignments`
  MODIFY `assignment_id` int(11) NOT NULL AUTO_INCREMENT, AUTO_INCREMENT=2;

--
-- AUTO_INCREMENT for table `asset_categories`
--
ALTER TABLE `asset_categories`
  MODIFY `category_id` int(11) NOT NULL AUTO_INCREMENT, AUTO_INCREMENT=6;

--
-- AUTO_INCREMENT for table `asset_depreciations`
--
ALTER TABLE `asset_depreciations`
  MODIFY `depreciation_id` int(11) NOT NULL AUTO_INCREMENT, AUTO_INCREMENT=734;

--
-- AUTO_INCREMENT for table `asset_disposals`
--
ALTER TABLE `asset_disposals`
  MODIFY `disposal_id` int(11) NOT NULL AUTO_INCREMENT, AUTO_INCREMENT=3;

--
-- AUTO_INCREMENT for table `asset_documents`
--
ALTER TABLE `asset_documents`
  MODIFY `document_id` int(11) NOT NULL AUTO_INCREMENT, AUTO_INCREMENT=48;

--
-- AUTO_INCREMENT for table `users`
--
ALTER TABLE `users`
  MODIFY `user_id` int(11) NOT NULL AUTO_INCREMENT, AUTO_INCREMENT=12;

--
-- Constraints for dumped tables
--

--
-- Constraints for table `assets`
--
ALTER TABLE `assets`
  ADD CONSTRAINT `assets_ibfk_1` FOREIGN KEY (`category_id`) REFERENCES `asset_categories` (`category_id`),
  ADD CONSTRAINT `assets_ibfk_2` FOREIGN KEY (`created_by`) REFERENCES `users` (`user_id`);

--
-- Constraints for table `asset_assignments`
--
ALTER TABLE `asset_assignments`
  ADD CONSTRAINT `asset_assignments_ibfk_1` FOREIGN KEY (`asset_id`) REFERENCES `assets` (`asset_id`),
  ADD CONSTRAINT `asset_assignments_ibfk_2` FOREIGN KEY (`assigned_to`) REFERENCES `users` (`user_id`);

--
-- Constraints for table `asset_depreciations`
--
ALTER TABLE `asset_depreciations`
  ADD CONSTRAINT `asset_depreciations_ibfk_1` FOREIGN KEY (`asset_id`) REFERENCES `assets` (`asset_id`);

--
-- Constraints for table `asset_disposals`
--
ALTER TABLE `asset_disposals`
  ADD CONSTRAINT `asset_disposals_ibfk_1` FOREIGN KEY (`asset_id`) REFERENCES `assets` (`asset_id`),
  ADD CONSTRAINT `asset_disposals_ibfk_2` FOREIGN KEY (`created_by`) REFERENCES `users` (`user_id`);

--
-- Constraints for table `asset_documents`
--
ALTER TABLE `asset_documents`
  ADD CONSTRAINT `asset_documents_ibfk_1` FOREIGN KEY (`asset_id`) REFERENCES `assets` (`asset_id`),
  ADD CONSTRAINT `asset_documents_ibfk_2` FOREIGN KEY (`uploaded_by`) REFERENCES `users` (`user_id`);
COMMIT;

/*!40101 SET CHARACTER_SET_CLIENT=@OLD_CHARACTER_SET_CLIENT */;
/*!40101 SET CHARACTER_SET_RESULTS=@OLD_CHARACTER_SET_RESULTS */;
/*!40101 SET COLLATION_CONNECTION=@OLD_COLLATION_CONNECTION */;
